Workbook

Sheet _ConditionValues
A1: Aamon
A2: Akai
A3: Aldous
A4: Alice
A5: Alpha
A6: Alucard
A7: Angela
A8: Anti-Heal
A9: AoE CC
A10: AoE Damage
A11: Argus
A12: Arlott
... A174: Zilong

Sheet Heroes
A1: id | B1: name | C1: role | D1: role2 | E1: offense | F1: ability_effects | G1: durability | H1: difficulty | I1: style1 | J1: style2 | K1: damage_type | L1: range_type | M1: lane1 | N1: lane2 | O1: power_spike | P1: resource | Q1: spike_order | R1: has_antiheal
A2: 1 | B2: Miya | C2: Marksman | E2: 70 | F2: 40 | G2: 10 | H2: 10 | I2: DPS | J2: AoE Damage | K2: Physical | L2: Ranged | M2: Gold Lane | O2: Late | P2: Mana | Q2: 5 | R2: No
A3: 2 | B3: Balmond | C3: Fighter | E3: 30 | F3: 20 | G3: 80 | H3: 10 | I3: Sustain | J3: Execute | K3: Physical | L3: Melee | M3: Jungle | N3: EXP Lane | O3: Mid | P3: None | Q3: 3 | R3: No
A4: 3 | B4: Saber | C4: Assassin | E4: 60 | F4: 60 | G4: 20 | H4: 10 | I4: Burst | J4: Targeted CC | K4: Physical | L4: Melee | M4: Jungle | N4: Roaming | O4: Early-Mid | P4: Mana | Q4: 2 | R4: Yes
A5: 4 | B5: Alice | C5: Mage | E5: 50 | F5: 70 | G5: 50 | H5: 70 | I5: Sustain | J5: AoE Damage | K5: Magic | L5: Melee | M5: EXP Lane | N5: Jungle | O5: Late | P5: None | Q5: 5 | R5: No
A6: 5 | B6: Nana | C6: Mage | E6: 60 | F6: 100 | G6: 50 | H6: 10 | I6: Poke | J6: Soft CC | K6: Magic | L6: Ranged | M6: Mid Lane | O6: Mid | P6: Mana | Q6: 3 | R6: No
A7: 6 | B7: Tigreal | C7: Tank | E7: 10 | F7: 100 | G7: 80 | H7: 10 | I7: AoE CC | J7: Hard CC | K7: Physical | L7: Melee | M7: Roaming | O7: Early-Mid | P7: Mana | Q7: 2 | R7: No
A8: 7 | B8: Alucard | C8: Fighter | D8: Assassin | E8: 50 | F8: 10 | G8: 50 | H8: 40 | I8: Sustain | J8: DPS | K8: Physical | L8: Melee | M8: Jungle | O8: Mid | P8: None | Q8: 3 | R8: No
A9: 8 | B9: Karina | C9: Assassin | E9: 70 | F9: 10 | G9: 50 | H9: 40 | I9: Burst | J9: Execute | K9: Magic | L9: Melee | M9: Jungle | O9: Early-Mid | P9: Mana | Q9: 2 | R9: No
A10: 9 | B10: Akai | C10: Tank | E10: 30 | F10: 90 | G10: 90 | H10: 30 | I10: Hard CC | J10: Shield | K10: Physical | L10: Melee | M10: Roaming | O10: Early-Mid | P10: Mana | Q10: 2 | R10: No
A11: 10 | B11: Franco | C11: Tank | E11: 10 | F11: 100 | G11: 80 | H11: 20 | I11: Targeted CC | J11: Hard CC | K11: Physical | L11: Melee | M11: Roaming | O11: Early-Mid | P11: Mana | Q11: 2 | R11: Yes
A12: 11 | B12: Bane | C12: Fighter | D12: Mage | E12: 60 | F12: 40 | G12: 50 | H12: 30 | I12: Poke | J12: AoE Damage | K12: Mixed | L12: Melee | M12: Jungle | N12: EXP Lane | O12: Mid | P12: Mana | Q12: 3 | R12: No
A13: 12 | B13: Bruno | C13: Marksman | E13: 60 | F13: 20 | G13: 20 | H13: 50 | I13: DPS | J13: Burst | K13: Physical | L13: Ranged | M13: Gold Lane | O13: Late | P13: Mana | Q13: 5 | R13: No
A14: 13 | B14: Clint | C14: Marksman | E14: 70 | F14: 40 | G14: 30 | H14: 70 | I14: Burst | J14: Poke | K14: Physical | L14: Ranged | M14: Gold Lane | O14: Mid-Late | P14: Mana | Q14: 4 | R14: No
A15: 14 | B15: Rafaela | C15: Support | E15: 20 | F15: 70 | G15: 60 | H15: 20 | I15: Healing | J15: Soft CC | K15: Magic | L15: Ranged | M15: Roaming | O15: Early-Mid | P15: Mana | Q15: 2 | R15: No
A16: 15 | B16: Eudora | C16: Mage | E16: 80 | F16: 80 | G16: 10 | H16: 10 | I16: Burst | J16: Targeted CC | K16: Magic | L16: Ranged | M16: Mid Lane | O16: Mid | P16: Mana | Q16: 3 | R16: No
A17: 16 | B17: Zilong | C17: Fighter | D17: Assassin | E17: 50 | F17: 60 | G17: 20 | H17: 10 | I17: Burst | J17: Mobility | K17: Physical | L17: Melee | M17: EXP Lane | O17: Mid | P17: Mana | Q17: 3 | R17: No
A18: 17 | B18: Fanny | C18: Assassin | E18: 70 | F18: 10 | G18: 60 | H18: 100 | I18: High Mobility | J18: Burst | K18: Physical | L18: Melee | M18: Jungle | O18: Early | P18: Energy | Q18: 1 | R18: No
A19: 18 | B19: Layla | C19: Marksman | E19: 80 | F19: 10 | G19: 10 | H19: 10 | I19: DPS | J19: Poke | K19: Physical | L19: Ranged | M19: Gold Lane | O19: Late | P19: Mana | Q19: 5 | R19: No
A20: 19 | B20: Minotaur | C20: Tank | D20: Support | E20: 10 | F20: 80 | G20: 100 | H20: 40 | I20: AoE CC | J20: Healing | K20: Physical | L20: Melee | M20: Roaming | O20: Mid | P20: None | Q20: 3 | R20: No
A21: 20 | B21: Lolita | C21: Support | D21: Tank | E21: 10 | F21: 90 | G21: 100 | H21: 40 | I21: Shield | J21: AoE CC | K21: Physical | L21: Melee | M21: Roaming | O21: Mid | P21: Mana | Q21: 3 | R21: No
A22: 21 | B22: Hayabusa | C22: Assassin | E22: 50 | F22: 10 | G22: 40 | H22: 50 | I22: Burst | J22: I-Frame | K22: Physical | L22: Melee | M22: Jungle | O22: Early-Mid | P22: Energy | Q22: 2 | R22: No
A23: 22 | B23: Freya | C23: Fighter | E23: 50 | F23: 50 | G23: 60 | H23: 50 | I23: Shield | J23: DPS | K23: Physical | L23: Melee | M23: EXP Lane | N23: Jungle | O23: Mid | P23: None | Q23: 3 | R23: No
A24: 23 | B24: Gord | C24: Mage | E24: 70 | F24: 80 | G24: 10 | H24: 20 | I24: AoE Damage | J24: Poke | K24: Magic | L24: Ranged | M24: Mid Lane | O24: Mid | P24: Mana | Q24: 3 | R24: No
A25: 24 | B25: Natalia | C25: Assassin | E25: 60 | F25: 60 | G25: 10 | H25: 90 | I25: Burst | J25: Vision | K25: Physical | L25: Melee | M25: Jungle | N25: Roaming | O25: Early-Mid | P25: None | Q25: 2 | R25: Yes
A26: 25 | B26: Kagura | C26: Mage | E26: 90 | F26: 40 | G26: 30 | H26: 80 | I26: Poke | J26: Burst | K26: Magic | L26: Ranged | M26: Mid Lane | O26: Mid | P26: Mana | Q26: 3 | R26: No
A27: 26 | B27: Chou | C27: Fighter | E27: 30 | F27: 80 | G27: 50 | H27: 70 | I27: Hard CC | J27: Dash/Blink | K27: Physical | L27: Melee | M27: EXP Lane | N27: Roaming | O27: Early | P27: None | Q27: 1 | R27: Yes
A28: 27 | B28: Sun | C28: Fighter | E28: 50 | F28: 10 | G28: 50 | H28: 30 | I28: Summoner | J28: DPS | K28: Physical | L28: Melee | M28: EXP Lane | N28: Jungle | O28: Early-Mid | P28: Mana | Q28: 2 | R28: No
A29: 28 | B29: Alpha | C29: Fighter | E29: 40 | F29: 70 | G29: 60 | H29: 10 | I29: Sustain | J29: True Damage | K29: Physical | L29: Melee | M29: Jungle | N29: EXP Lane | O29: Mid | P29: Mana | Q29: 3 | R29: No
A30: 29 | B30: Ruby | C30: Fighter | E30: 20 | F30: 90 | G30: 90 | H30: 40 | I30: Sustain | J30: AoE CC | K30: Physical | L30: Melee | M30: EXP Lane | O30: Mid-Late | P30: Mana | Q30: 4 | R30: No
A31: 30 | B31: Yi Sun-shin | C31: Assassin | D31: Marksman | E31: 90 | F31: 20 | G31: 40 | H31: 70 | I31: Vision | J31: DPS | K31: Physical | L31: Hybrid | M31: Jungle | O31: Mid-Late | P31: Mana | Q31: 4 | R31: No
A32: 31 | B32: Moskov | C32: Marksman | E32: 60 | F32: 60 | G32: 20 | H32: 50 | I32: DPS | J32: Hard CC | K32: Physical | L32: Ranged | M32: Gold Lane | O32: Late | P32: Mana | Q32: 5 | R32: No
A33: 32 | B33: Johnson | C33: Tank | D33: Support | E33: 30 | F33: 90 | G33: 80 | H33: 50 | I33: Global Dive | J33: AoE CC | K33: Magic | L33: Melee | M33: Roaming | O33: Early-Mid | P33: None | Q33: 2 | R33: No
A34: 33 | B34: Cyclops | C34: Mage | E34: 100 | F34: 70 | G34: 30 | H34: 60 | I34: DPS | J34: Targeted CC | K34: Magic | L34: Ranged | M34: Mid Lane | O34: Mid | P34: Mana | Q34: 3 | R34: No
A35: 34 | B35: Estes | C35: Support | E35: 10 | F35: 20 | G35: 70 | H35: 30 | I35: Healing | J35: Sustain | K35: Magic | L35: Ranged | M35: Roaming | O35: Early-Mid | P35: Mana | Q35: 2 | R35: No
A36: 35 | B36: Hilda | C36: Fighter | D36: Tank | E36: 40 | F36: 40 | G36: 90 | H36: 40 | I36: Sustain | J36: Burst | K36: Physical | L36: Melee | M36: Roaming | N36: EXP Lane | O36: Early | P36: None | Q36: 1 | R36: No
A37: 36 | B37: Aurora | C37: Mage | E37: 70 | F37: 100 | G37: 40 | H37: 10 | I37: Hard CC | J37: Burst | K37: Magic | L37: Ranged | M37: Mid Lane | O37: Mid | P37: Mana | Q37: 3 | R37: No
A38: 37 | B38: Lapu-Lapu | C38: Fighter | E38: 40 | F38: 40 | G38: 80 | H38: 50 | I38: Shield | J38: AoE Damage | K38: Physical | L38: Melee | M38: EXP Lane | O38: Mid | P38: None | Q38: 3 | R38: No
A39: 38 | B39: Vexana | C39: Mage | E39: 90 | F39: 50 | G39: 20 | H39: 10 | I39: Summoner | J39: AoE CC | K39: Magic | L39: Ranged | M39: Mid Lane | O39: Mid | P39: Mana | Q39: 3 | R39: No
A40: 39 | B40: Roger | C40: Fighter | D40: Marksman | E40: 40 | F40: 10 | G40: 60 | H40: 50 | I40: DPS | J40: Mobility | K40: Physical | L40: Hybrid | M40: Jungle | O40: Mid | P40: Mana | Q40: 3 | R40: No
A41: 40 | B41: Karrie | C41: Marksman | E41: 80 | F41: 10 | G41: 30 | H41: 40 | I41: True Damage | J41: DPS | K41: Physical | L41: Ranged | M41: Gold Lane | O41: Late | P41: Mana | Q41: 5 | R41: No
A42: 41 | B42: Gatotkaca | C42: Tank | D42: Fighter | E42: 30 | F42: 90 | G42: 90 | H42: 10 | I42: AoE CC | J42: Damage Reduction | K42: Magic | L42: Melee | M42: Roaming | N42: EXP Lane | O42: Mid | P42: None | Q42: 3 | R42: No
A43: 42 | B43: Harley | C43: Assassin | D43: Mage | E43: 90 | F43: 10 | G43: 30 | H43: 60 | I43: Burst | J43: Poke | K43: Magic | L43: Ranged | M43: Jungle | N43: Mid Lane | O43: Early-Mid | P43: Mana | Q43: 2 | R43: No
A44: 43 | B44: Irithel | C44: Marksman | E44: 80 | F44: 10 | G44: 10 | H44: 50 | I44: DPS | J44: AoE Damage | K44: Physical | L44: Ranged | M44: Gold Lane | O44: Late | P44: None | Q44: 5 | R44: No
A45: 44 | B45: Grock | C45: Tank | D45: Fighter | E45: 40 | F45: 80 | G45: 90 | H45: 60 | I45: Hard CC | J45: Burst | K45: Physical | L45: Melee | M45: Roaming | O45: Early-Mid | P45: None | Q45: 2 | R45: No
A46: 45 | B46: Argus | C46: Fighter | E46: 50 | F46: 50 | G46: 70 | H46: 60 | I46: I-Frame | J46: DPS | K46: Physical | L46: Melee | M46: EXP Lane | O46: Late | P46: None | Q46: 5 | R46: No
A47: 46 | B47: Odette | C47: Mage | E47: 100 | F47: 70 | G47: 30 | H47: 20 | I47: AoE Damage | J47: Burst | K47: Magic | L47: Ranged | M47: Mid Lane | O47: Mid | P47: Mana | Q47: 3 | R47: No
A48: 47 | B48: Lancelot | C48: Assassin | E48: 50 | F48: 10 | G48: 40 | H48: 50 | I48: I-Frame | J48: Dash/Blink | K48: Physical | L48: Melee | M48: Jungle | O48: Early-Mid | P48: Mana | Q48: 2 | R48: No
A49: 48 | B49: Diggie | C49: Support | E49: 40 | F49: 20 | G49: 40 | H49: 50 | I49: AoE CC | J49: Shield | K49: Magic | L49: Ranged | M49: Roaming | O49: Early-Mid | P49: Mana | Q49: 2 | R49: No
A50: 49 | B50: Hylos | C50: Tank | E50: 20 | F50: 80 | G50: 100 | H50: 30 | I50: Sustain | J50: Soft CC | K50: Magic | L50: Melee | M50: Roaming | O50: Early-Mid | P50: Mana | Q50: 2 | R50: No
A51: 50 | B51: Zhask | C51: Mage | E51: 100 | F51: 40 | G51: 10 | H51: 40 | I51: Summoner | J51: DPS | K51: Magic | L51: Ranged | M51: Mid Lane | O51: Mid | P51: Mana | Q51: 3 | R51: No
A52: 51 | B52: Helcurt | C52: Assassin | E52: 50 | F52: 50 | G52: 30 | H52: 50 | I52: Burst | J52: Soft CC | K52: Physical | L52: Melee | M52: Jungle | N52: Roaming | O52: Early-Mid | P52: None | Q52: 2 | R52: No
A53: 52 | B53: Pharsa | C53: Mage | E53: 90 | F53: 50 | G53: 20 | H53: 30 | I53: Poke | J53: AoE Damage | K53: Magic | L53: Ranged | M53: Mid Lane | O53: Mid | P53: Mana | Q53: 3 | R53: No
A54: 53 | B54: Lesley | C54: Marksman | D54: Assassin | E54: 70 | F54: 20 | G54: 10 | H54: 40 | I54: Poke | J54: True Damage | K54: Physical | L54: Ranged | M54: Gold Lane | O54: Mid-Late | P54: Energy | Q54: 4 | R54: No
A55: 54 | B55: Jawhead | C55: Fighter | E55: 30 | F55: 60 | G55: 60 | H55: 50 | I55: Targeted CC | J55: Burst | K55: Physical | L55: Melee | M55: Roaming | N55: EXP Lane | O55: Early-Mid | P55: Mana | Q55: 2 | R55: No
A56: 55 | B56: Angela | C56: Support | E56: 20 | F56: 50 | G56: 30 | H56: 50 | I56: Shield | J56: Healing | K56: Magic | L56: Ranged | M56: Roaming | O56: Mid | P56: Mana | Q56: 3 | R56: No
A57: 56 | B57: Gusion | C57: Assassin | E57: 90 | F57: 10 | G57: 30 | H57: 80 | I57: Burst | J57: Dash/Blink | K57: Magic | L57: Melee | M57: Jungle | N57: Mid Lane | O57: Early-Mid | P57: Mana | Q57: 2 | R57: No
A58: 57 | B58: Valir | C58: Mage | E58: 70 | F58: 70 | G58: 20 | H58: 40 | I58: Poke | J58: Hard CC | K58: Magic | L58: Ranged | M58: Mid Lane | O58: Mid | P58: Mana | Q58: 3 | R58: No
A59: 58 | B59: Martis | C59: Fighter | E59: 30 | F59: 50 | G59: 60 | H59: 40 | I59: I-Frame | J59: Execute | K59: Physical | L59: Melee | M59: Jungle | N59: EXP Lane | O59: Early-Mid | P59: None | Q59: 2 | R59: No
A60: 59 | B60: Uranus | C60: Tank | E60: 20 | F60: 20 | G60: 100 | H60: 30 | I60: Sustain | J60: Healing | K60: Magic | L60: Melee | M60: EXP Lane | O60: Mid-Late | P60: Mana | Q60: 4 | R60: No
A61: 60 | B61: Hanabi | C61: Marksman | E61: 70 | F61: 80 | G61: 20 | H61: 10 | I61: Shield | J61: AoE CC | K61: Physical | L61: Ranged | M61: Gold Lane | O61: Late | P61: Mana | Q61: 5 | R61: No
A62: 61 | B62: Chang'e | C62: Mage | E62: 80 | F62: 20 | G62: 40 | H62: 30 | I62: Poke | J62: DPS | K62: Magic | L62: Ranged | M62: Mid Lane | O62: Mid | P62: Mana | Q62: 3 | R62: No
A63: 62 | B63: Kaja | C63: Support | D63: Fighter | E63: 60 | F63: 60 | G63: 30 | H63: 70 | I63: Targeted CC | J63: Burst | K63: Magic | L63: Melee | M63: Roaming | O63: Early-Mid | P63: Mana | Q63: 2 | R63: No
A64: 63 | B64: Selena | C64: Assassin | D64: Mage | E64: 70 | F64: 100 | G64: 30 | H64: 70 | I64: Vision | J64: Burst | K64: Magic | L64: Hybrid | M64: Mid Lane | N64: Roaming | O64: Early-Mid | P64: Mana | Q64: 2 | R64: No
A65: 64 | B65: Aldous | C65: Fighter | E65: 30 | F65: 50 | G65: 70 | H65: 60 | I65: Global Dive | J65: Burst | K65: Physical | L65: Melee | M65: EXP Lane | O65: Late | P65: Mana | Q65: 5 | R65: No
A66: 65 | B66: Claude | C66: Marksman | E66: 60 | F66: 10 | G66: 30 | H66: 60 | I66: High Mobility | J66: AoE Damage | K66: Physical | L66: Ranged | M66: Gold Lane | O66: Late | P66: Mana | Q66: 5 | R66: No
A67: 66 | B67: Vale | C67: Mage | E67: 100 | F67: 70 | G67: 20 | H67: 20 | I67: AoE Damage | J67: Hard CC | K67: Magic | L67: Ranged | M67: Mid Lane | O67: Mid | P67: Mana | Q67: 3 | R67: No
A68: 67 | B68: Leomord | C68: Fighter | E68: 50 | F68: 30 | G68: 70 | H68: 60 | I68: Shield | J68: DPS | K68: Physical | L68: Melee | M68: Jungle | O68: Mid | P68: None | Q68: 3 | R68: No
A69: 68 | B69: Lunox | C69: Mage | E69: 90 | F69: 20 | G69: 30 | H69: 90 | I69: Burst | J69: I-Frame | K69: Magic | L69: Ranged | M69: Mid Lane | O69: Late | P69: Mana | Q69: 5 | R69: No
A70: 69 | B70: Hanzo | C70: Assassin | E70: 80 | F70: 20 | G70: 70 | H70: 80 | I70: Burst | J70: Vision | K70: Physical | L70: Melee | M70: Jungle | O70: Mid | P70: Energy | Q70: 3 | R70: No
A71: 70 | B71: Belerick | C71: Tank | E71: 40 | F71: 100 | G71: 90 | H71: 10 | I71: Sustain | J71: AoE CC | K71: Magic | L71: Melee | M71: Roaming | O71: Mid-Late | P71: Mana | Q71: 4 | R71: No
A72: 71 | B72: Kimmy | C72: Marksman | D72: Mage | E72: 100 | F72: 10 | G72: 20 | H72: 90 | I72: DPS | J72: Poke | K72: Magic | L72: Ranged | M72: Mid Lane | N72: Gold Lane | O72: Mid | P72: None | Q72: 3 | R72: No
A73: 72 | B73: Thamuz | C73: Fighter | E73: 40 | F73: 20 | G73: 70 | H73: 40 | I73: Sustain | J73: DPS | K73: Physical | L73: Melee | M73: EXP Lane | O73: Mid | P73: None | Q73: 3 | R73: No
A74: 73 | B74: Harith | C74: Mage | E74: 50 | F74: 10 | G74: 40 | H74: 50 | I74: Shield | J74: Dash/Blink | K74: Magic | L74: Ranged | M74: Gold Lane | N74: Jungle | O74: Mid | P74: Mana | Q74: 3 | R74: No
A75: 74 | B75: Minsitthar | C75: Fighter | E75: 40 | F75: 80 | G75: 60 | H75: 40 | I75: Hard CC | J75: AoE CC | K75: Physical | L75: Melee | M75: EXP Lane | N75: Roaming | O75: Mid | P75: Mana | Q75: 3 | R75: No
A76: 75 | B76: Kadita | C76: Mage | D76: Assassin | E76: 80 | F76: 80 | G76: 40 | H76: 60 | I76: Burst | J76: I-Frame | K76: Magic | L76: Ranged | M76: Mid Lane | O76: Early-Mid | P76: Mana | Q76: 2 | R76: No
A77: 76 | B77: Faramis | C77: Support | D77: Mage | E77: 60 | F77: 10 | G77: 40 | H77: 40 | I77: Healing | J77: AoE Damage | K77: Magic | L77: Ranged | M77: Mid Lane | N77: Roaming | O77: Late | P77: Mana | Q77: 5 | R77: No
A78: 77 | B78: Badang | C78: Fighter | E78: 70 | F78: 50 | G78: 40 | H78: 10 | I78: Hard CC | J78: Burst | K78: Physical | L78: Melee | M78: Roaming | N78: EXP Lane | O78: Early-Mid | P78: None | Q78: 2 | R78: No
A79: 78 | B79: Khufra | C79: Tank | E79: 20 | F79: 100 | G79: 90 | H79: 50 | I79: Hard CC | J79: Damage Reduction | K79: Mixed | L79: Hybrid | M79: Roaming | O79: Early-Mid | P79: Mana | Q79: 2 | R79: No
A80: 79 | B80: Granger | C80: Marksman | E80: 70 | F80: 10 | G80: 30 | H80: 40 | I80: Burst | J80: Dash/Blink | K80: Physical | L80: Ranged | M80: Gold Lane | O80: Mid-Late | P80: Energy | Q80: 4 | R80: No
A81: 80 | B81: Guinevere | C81: Fighter | E81: 50 | F81: 70 | G81: 40 | H81: 40 | I81: Hard CC | J81: Burst | K81: Magic | L81: Melee | M81: EXP Lane | O81: Mid | P81: None | Q81: 3 | R81: No
A82: 81 | B82: Esmeralda | C82: Mage | E82: 30 | F82: 60 | G82: 90 | H82: 60 | I82: Shield | J82: Sustain | K82: Mixed | L82: Melee | M82: EXP Lane | O82: Mid | P82: Mana | Q82: 3 | R82: No
A83: 82 | B83: Terizla | C83: Fighter | D83: Tank | E83: 30 | F83: 40 | G83: 90 | H83: 20 | I83: Damage Reduction | J83: AoE Damage | K83: Physical | L83: Melee | M83: EXP Lane | O83: Mid | P83: None | Q83: 3 | R83: No
A84: 83 | B84: X.Borg | C84: Fighter | E84: 30 | F84: 10 | G84: 80 | H84: 40 | I84: True Damage | J84: Sustain | K84: Physical | L84: Hybrid | M84: EXP Lane | O84: Mid | P84: None | Q84: 3 | R84: No
A85: 84 | B85: Ling | C85: Assassin | E85: 60 | F85: 30 | G85: 50 | H85: 70 | I85: High Mobility | J85: Burst | K85: Physical | L85: Melee | M85: Jungle | O85: Early-Mid | P85: Energy | Q85: 2 | R85: No
A86: 85 | B86: Dyrroth | C86: Fighter | E86: 50 | F86: 20 | G86: 50 | H86: 40 | I86: Burst | J86: Sustain | K86: Physical | L86: Melee | M86: EXP Lane | N86: Jungle | O86: Mid | P86: None | Q86: 3 | R86: No
A87: 86 | B87: Lylia | C87: Mage | E87: 100 | F87: 20 | G87: 50 | H87: 50 | I87: Poke | J87: AoE Damage | K87: Magic | L87: Ranged | M87: Mid Lane | O87: Mid | P87: Mana | Q87: 3 | R87: No
A88: 87 | B88: Baxia | C88: Tank | E88: 30 | F88: 60 | G88: 100 | H88: 20 | I88: Anti-Heal | J88: Mobility | K88: Magic | L88: Melee | M88: Jungle | N88: Roaming | O88: Mid | P88: Mana | Q88: 3 | R88: Yes
A89: 88 | B89: Masha | C89: Fighter | D89: Tank | E89: 70 | F89: 30 | G89: 50 | H89: 30 | I89: DPS | J89: Sustain | K89: Physical | L89: Melee | M89: EXP Lane | O89: Early-Mid | P89: None | Q89: 2 | R89: No
A90: 89 | B90: Wanwan | C90: Marksman | E90: 60 | F90: 30 | G90: 20 | H90: 60 | I90: I-Frame | J90: High Mobility | K90: Physical | L90: Ranged | M90: Gold Lane | O90: Mid-Late | P90: Mana | Q90: 4 | R90: No
A91: 90 | B91: Silvanna | C91: Fighter | E91: 40 | F91: 70 | G91: 50 | H91: 20 | I91: Targeted CC | J91: Sustain | K91: Magic | L91: Melee | M91: EXP Lane | O91: Mid | P91: Mana | Q91: 3 | R91: No
A92: 91 | B92: Cecilion | C92: Mage | E92: 100 | F92: 50 | G92: 40 | H92: 40 | I92: Poke | J92: AoE Damage | K92: Magic | L92: Ranged | M92: Mid Lane | O92: Late | P92: Mana | Q92: 5 | R92: No
A93: 92 | B93: Carmilla | C93: Support | D93: Tank | E93: 20 | F93: 80 | G93: 90 | H93: 40 | I93: AoE CC | J93: Sustain | K93: Magic | L93: Melee | M93: Roaming | O93: Early-Mid | P93: Mana | Q93: 2 | R93: No
A94: 93 | B94: Atlas | C94: Tank | E94: 10 | F94: 90 | G94: 80 | H94: 50 | I94: AoE CC | J94: Hard CC | K94: Magic | L94: Melee | M94: Roaming | O94: Early-Mid | P94: Mana | Q94: 2 | R94: No
A95: 94 | B95: Popol and Kupa | C95: Marksman | E95: 70 | F95: 70 | G95: 30 | H95: 50 | I95: Summoner | J95: Hard CC | K95: Mixed | L95: Ranged | M95: Jungle | N95: Gold Lane | O95: Mid | P95: Mana | Q95: 3 | R95: No
A96: 95 | B96: Yu Zhong | C96: Fighter | E96: 40 | F96: 70 | G96: 70 | H96: 70 | I96: Sustain | J96: Global Dive | K96: Physical | L96: Melee | M96: EXP Lane | O96: Mid | P96: None | Q96: 3 | R96: No
A97: 96 | B97: Luo Yi | C97: Mage | E97: 100 | F97: 40 | G97: 20 | H97: 50 | I97: AoE Damage | J97: Global Dive | K97: Magic | L97: Ranged | M97: Mid Lane | O97: Mid | P97: Mana | Q97: 3 | R97: No
A98: 97 | B98: Benedetta | C98: Assassin | D98: Fighter | E98: 50 | F98: 20 | G98: 60 | H98: 70 | I98: I-Frame | J98: Dash/Blink | K98: Physical | L98: Melee | M98: EXP Lane | O98: Early-Mid | P98: Mana | Q98: 2 | R98: No
A99: 98 | B99: Khaleed | C99: Fighter | E99: 50 | F99: 50 | G99: 80 | H99: 50 | I99: Sustain | J99: AoE Damage | K99: Physical | L99: Melee | M99: Roaming | N99: EXP Lane | O99: Early-Mid | P99: None | Q99: 2 | R99: No
A100: 99 | B100: Barats | C100: Tank | D100: Fighter | E100: 30 | F100: 90 | G100: 100 | H100: 40 | I100: Sustain | J100: Hard CC | K100: Physical | L100: Melee | M100: Jungle | O100: Mid | P100: Mana | Q100: 3 | R100: No
...

Sheet Data-Input
A1: MLBB HERO COUNTER — DATA / INPUT SHEET
A3: This is the ONLY sheet you should manually edit. Shaded yellow cells are safe to change. See the "Documentation - Computations Only" tab for exactly how every formula uses these values.
A5: 1) GLOBAL WEIGHTS / COEFFICIENTS
A6: Coefficient | B6: Value | C6: Description
A7: role_mult | B7: 5 | C7: Multiplier applied to the Role Matchup points (Block 2) to get the Role Advantage score component.
A8: burst_mult | B8: 0.1 | C8: Multiplier applied to (attacker offense + ability_effects)/2 minus defender durability (the "Stat" component).
A9: diff_mult | B9: 0.3 | C9: Multiplier applied to the difficulty gap (attacker difficulty - defender difficulty) when that gap exceeds 20.
A10: style_mult | B10: 5 | C10: Multiplier applied to the Style/Tag Matchup points (Block 5) to get the Style Matchup score component.
A11: spike_mult | B11: 3 | C11: Multiplier applied to the power-spike-order gap (attacker spike order - defender spike order).
A12: dmgtype_same | B12: -2 | C12: Score adjustment when attacker and defender share the same damage type (Physical/Physical or Magic/Magic).
A13: dmgtype_diff | B13: 3 | C13: Score adjustment when attacker and defender have different, non-Mixed damage types.
A14: dmgtype_mixed | B14: 5 | C14: Score adjustment when the attacker's damage type is "Mixed".
A15: rangetype_mult | B15: 3 | C15: Bonus applied when Attacker has a mobility/engage tag (Dash/Blink, High Mobility, Global Dive, Mobility) and Defender.range_type = "Ranged" (harder for backline carries to disengage from an engage-tagged attacker).
A16: antiheal_mult | B16: 6 | C16: Bonus applied when Attacker.has_antiheal = "Yes" (Heroes sheet) and Defender has a Sustain or Healing tag (negates the defender's core sustain identity).
A17: 2) ROLE MATCHUP MATRIX (Attacker row -> Defender column, points BEFORE role_mult)
A18: Attacker\Defender | B18: Tank | C18: Fighter | D18: Assassin | E18: Mage | F18: Marksman | G18: Support
A19: Tank | B19: 0 | C19: 0 | D19: 2 | E19: -1 | F19: -1 | G19: -1
A20: Fighter | B20: 0 | C20: 0 | D20: 1 | E20: 1 | F20: 2 | G20: 0
A21: Assassin | B21: -1 | C21: 0 | D21: 0 | E21: 2 | F21: 2 | G21: 1
A22: Mage | B22: 1 | C22: 1 | D22: -1 | E22: 0 | F22: 1 | G22: 0
A23: Marksman | B23: 1 | C23: -1 | D23: -1 | E23: 0 | F23: 0 | G23: 0
A24: Support | B24: -1 | C24: -1 | D24: -2 | E24: -1 | F24: -1 | G24: 0
A27: 3) HARD COUNTER RULES (named-hero or tag-based special matchups — added on top of everything else). Rows 29-128 are dropdown-ready: pick Attacker, ConditionType, and ConditionValue from the lists, just type the row below your last rule.
A28: Attacker | B28: ConditionType (Tag/Hero) | C28: ConditionValue | D28: Bonus_To_Attacker | E28: Penalty_To_Defender | F28: Note | I28: Helper lists (auto - do not edit) for ConditionValue dropdown:
A29: Phoveus | B29: Tag | C29: Dash/Blink | D29: 17 | E29: -23 | F29: Anti-mobility Fighter: Contempt/Soul Reaper marks and executes blink/dash divers who commit onto him. (Merged with overlapping Mobility/High Mobility rows below, averaged + tag-count adjustment to prevent triple-stacking) | I29: DamageType | J29: Physical
A30: Phoveus | B30: Tag | C30: High Mobility | D30: 17 | E30: -23 | F30: Punishes sustained-mobility assassins that must stay in his kit range to deal damage. (Same merged value as Dash/Blink row - only highest single match should apply per target) | J30: Magic
A31: Phoveus | B31: Tag | C31: Mobility | D31: 17 | E31: -23 | F31: General mobility-tag matchup bonus for Phoveus. (Merged value - use as fallback only if neither narrower tag applies) | J31: Mixed
A32: Faramis | B32: Hero | C32: Gloo | D32: 20 | E32: -18 | F32: Faramis' ultimate burst plus Army of the Dead shred Gloo's split-body sustain before he can re-form.
A33: Franco | B33: Tag | C33: Dash/Blink | D33: 10 | E33: -12 | F33: Iron Hook interrupts dash/blink animations and yanks divers out of position. | I33: Resource | J33: Mana
A34: Khufra | B34: Tag | C34: Dash/Blink | D34: 11 | E34: -13 | F34: Bouncing Ball and Skill 2 knock-up cancel dashes/blinks mid-animation, hard-locking mobility divers. (Duplicate rows merged and averaged with tag-count adjustment) | J34: Energy
A35: Khufra | B35: Tag | C35: High Mobility | D35: 11 | E35: -13 | F35: Sturdiness plus Charging Roar punish sustained-mobility assassins. (Duplicate rows merged and averaged with tag-count adjustment) | J35: None
A36: Lolita | B36: Tag | C36: Global Dive | D36: 15 | E36: -20 | F36: Shield absorbs global ultimates and burst combos, hard-countering dive compositions.
A37: Diggie | B37: Tag | C37: Hard CC | D37: 12 | E37: -15 | F37: Reverse Delay and Time Journey purge crowd control, hard-countering CC-reliant heroes.
A38: Baxia | B38: Tag | C38: AoE Damage | D38: 12 | E38: -15 | F38: Aegis shield mitigates AoE poke/damage compositions.
A39: Baxia | B39: Tag | C39: Poke | D39: 10 | E39: -12 | F39: Damage reduction plus anti-heal wear down poke comps over time.
A40: Helcurt | B40: Tag | C40: Poke | D40: 12 | E40: -14 | F40: Stealth and silence punish backline poke mages before they can kite.
A41: Ruby | B41: Tag | C41: Dash/Blink | D41: 8 | E41: -10 | F41: Ruby's leash/pull chains punish overextending dash divers.
A42: Chou | B42: Tag | C42: High Mobility | D42: 14 | E42: -16 | F42: Kung-fu combo traps and out-trades divers who must commit to melee range.
A43: Lylia | B43: Tag | C43: Dash/Blink | D43: 10 | E43: -12 | F43: Nightmare Ferry wall punishes short-range engages before they land.
A44: Angela | B44: Hero | C44: Fanny | D44: 12 | E44: -10 | F44: Camellia's Ring root denies Fanny's cable-swing kiting window. (Corrected: kit is Smart Heal / Camellia's Ring / Punishment of Nature, not 'Camellia Sword')
A45: Selena | B45: Tag | C45: Soft CC | D45: 8 | E45: -8 | F45: Abyssal Trap chain-CC beats heroes that rely on soft disables to land damage.
A46: Karrie | B46: Tag | C46: Sustain | D46: 10 | E46: -10 | F46: True damage passive shreds lifesteal/regen-heavy sustain heroes.
A47: Kaja | B47: Tag | C47: Global Dive | D47: 10 | E47: -14 | F47: Divine Judgment locks down and executes global-ultimate divers specifically.
... A127: Ixia | B127: Role | C127: Mage | D127: 8 | E127: -8 | F127: Rapid-fire piercing shots delete squishy, immobile mages before they can complete their cast animation.
A131: 4) TAG GLOSSARY / REFERENCE (informational — the 22 tags marked "In-use" are wired into Block 5 below)
A132: Category | B132: Tag | C132: Description | D132: Example Heroes | E132: Status
A133: Damage Profile | B133: Burst | C133: High, immediate damage designed to delete squishy targets. | D133: Saber, Eudora, Kadita | E133: In-use
A134: Damage Profile | B134: DPS | C134: Sustained, continuous damage over time, usually from basic attacks. | D134: Miya, Claude, Moskov | E134: In-use
A135: Damage Profile | B135: Poke | C135: Long-range, safe chip damage to weaken enemies before a fight. | D135: Nana, Pharsa, Xavier | E135: In-use
A136: Damage Profile | B136: AoE Damage | C136: Area of Effect damage that hits multiple targets. | D136: Alice, Odette, Vale | E136: In-use
A137: Damage Profile | B137: True Damage | C137: Damage that ignores physical armor and magic resistance. | D137: Karrie, Lesley, X.Borg | E137: In-use
A138: Damage Profile | B138: Execute | C138: Damage that scales based on the target's missing HP. | D138: Balmond, Karina, Martis | E138: In-use
A139: Crowd Control | B139: Hard CC | C139: Completely stops enemy actions (Stun, Knock-up, Suppress, Freeze). | D139: Franco, Chou, Aurora | E139: In-use
A140: Crowd Control | B140: Soft CC | C140: Impairs movement or specific actions but allows retaliation (Slow, Root). | D140: Yve, Helcurt, Belerick | E140: In-use
A141: Crowd Control | B141: AoE CC | C141: Controls multiple enemies in an area. | D141: Tigreal, Atlas, Minotaur | E141: In-use
A142: Crowd Control | B142: Targeted CC | C142: Point-and-click control that cannot be dodged by moving. | D142: Saber, Kaja, Eudora | E142: In-use
A143: Mobility | B143: Dash/Blink | C143: Instant or quick repositioning to engage or escape. | D143: Lancelot, Chou, Harith | E143: In-use
... A159: Survivability | B159: Death Immunity | C159: The caster cannot die from damage for the duration. | D159: Martis | E159: Fandom wiki
A162: 5) STYLE / TAG INTERACTION MATRIX (Attacker tag row -> Defender tag column, points BEFORE style_mult)
A163: Attacker\Defender | B163: Burst | C163: DPS | D163: Poke | E163: AoE Damage | F163: True Damage | G163: Execute | H163: Hard CC | I163: Soft CC | J163: AoE CC | K163: Targeted CC | L163: Dash/Blink | M163: High Mobility | N163: Global Dive | O163: Mobility | P163: Sustain | Q163: Shield | R163: I-Frame | S163: Damage Reduction | T163: Healing | U163: Anti-Heal | V163: Vision | W163: Summoner
A164: Burst | B164: 0 | C164: 2 | D164: 1 | E164: 1 | F164: 0 | G164: 0 | H164: 0 | I164: 0 | J164: 0 | K164: 0 | L164: 0 | M164: -1 | N164: 0 | O164: 0 | P164: -1 | Q164: -1 | R164: -2 | S164: -1 | T164: -1 | U164: 0 | V164: 0 | W164: 1
A165: DPS | B165: -2 | C165: 0 | D165: 0 | E165: 0 | F165: 0 | G165: 0 | H165: 0 | I165: 0 | J165: 0 | K165: 0 | L165: -1 | M165: -1 | N165: 0 | O165: 0 | P165: -1 | Q165: 0 | R165: 0 | S165: 0 | T165: -1 | U165: 1 | V165: 0 | W165: 1
A166: Poke | B166: 0 | C166: 0 | D166: 0 | E166: 0 | F166: 0 | G166: 0 | H166: 0 | I166: 0 | J166: 0 | K166: 0 | L166: 0 | M166: 1 | N166: -1 | O166: 0 | P166: -2 | Q166: -1 | R166: 0 | S166: 0 | T166: -1 | U166: 1 | V166: 0 | W166: 0
A167: AoE Damage | B167: 0 | C167: 0 | D167: 0 | E167: 0 | F167: 0 | G167: 0 | H167: 0 | I167: 0 | J167: 0 | K167: 0 | L167: -1 | M167: -1 | N167: 0 | O167: 0 | P167: 0 | Q167: 0 | R167: 0 | S167: 0 | T167: -1 | U167: 1 | V167: 0 | W167: 2
A168: True Damage | B168: 0 | C168: 0 | D168: 0 | E168: 0 | F168: 0 | G168: 0 | H168: 0 | I168: 0 | J168: 0 | K168: 0 | L168: 0 | M168: 0 | N168: 0 | O168: 0 | P168: 1 | Q168: 2 | R168: 0 | S168: 2 | T168: 0 | U168: 0 | V168: 0 | W168: 0
A169: Execute | B169: 0 | C169: 0 | D169: 0 | E169: 0 | F169: 0 | G169: 0 | H169: 0 | I169: 0 | J169: 0 | K169: 0 | L169: 0 | M169: 0 | N169: 0 | O169: 0 | P169: 2 | Q169: 0 | R169: -2 | S169: 0 | T169: 0 | U169: 0 | V169: 0 | W169: 0
A170: Hard CC | B170: 0 | C170: 0 | D170: 0 | E170: 0 | F170: 0 | G170: 0 | H170: 0 | I170: 0 | J170: 0 | K170: 0 | L170: 1 | M170: 2 | N170: 1 | O170: 2 | P170: 0 | Q170: 0 | R170: -2 | S170: 0 | T170: 0 | U170: 0 | V170: 0 | W170: 0
A171: Soft CC | B171: 0 | C171: 0 | D171: 0 | E171: 0 | F171: 0 | G171: 0 | H171: 0 | I171: 0 | J171: 0 | K171: 0 | L171: 0 | M171: 1 | N171: 0 | O171: 1 | P171: 0 | Q171: 0 | R171: -1 | S171: 0 | T171: -1 | U171: 0 | V171: 0 | W171: 0
A172: AoE CC | B172: 0 | C172: 0 | D172: 0 | E172: 0 | F172: 0 | G172: 0 | H172: 0 | I172: 0 | J172: 0 | K172: 0 | L172: 0 | M172: -1 | N172: 0 | O172: 0 | P172: 0 | Q172: 0 | R172: -1 | S172: 0 | T172: 0 | U172: 0 | V172: 0 | W172: 2
A173: Targeted CC | B173: 0 | C173: 0 | D173: 0 | E173: 0 | F173: 0 | G173: 0 | H173: 0 | I173: 0 | J173: 0 | K173: 0 | L173: 1 | M173: 2 | N173: 0 | O173: 2 | P173: 0 | Q173: 0 | R173: -1 | S173: 0 | T173: 0 | U173: 0 | V173: 0 | W173: 0
A174: Dash/Blink | B174: 0 | C174: 0 | D174: 1 | E174: 1 | F174: 0 | G174: 0 | H174: -1 | I174: 0 | J174: 0 | K174: -1 | L174: 0 | M174: 0 | N174: 0 | O174: 0 | P174: 0 | Q174: 0 | R174: 0 | S174: 0 | T174: 0 | U174: 0 | V174: 0 | W174: 0
A175: High Mobility | B175: 0 | C175: 0 | D175: -1 | E175: 1 | F175: 0 | G175: 0 | H175: -2 | I175: -1 | J175: 1 | K175: -2 | L175: 0 | M175: 0 | N175: 0 | O175: 0 | P175: 0 | Q175: 0 | R175: 0 | S175: 0 | T175: 0 | U175: 0 | V175: 0 | W175: 0
... A185: Summoner | B185: 0 | C185: 0 | D185: 0 | E185: -2 | F185: 0 | G185: 0 | H185: 0 | I185: 0 | J185: -2 | K185: 0 | L185: 0 | M185: 0 | N185: 0 | O185: 0 | P185: 0 | Q185: 0 | R185: 0 | S185: 0 | T185: 0 | U185: 0 | V185: 0 | W185: 0
A188: 6) MANUAL OVERRIDES (force an EXACT score for one specific Attacker -> Defender pair; overrides all formulas above)
A189: Attacker | B189: Defender | C189: Score | D189: Note | E189: Key (auto - do not edit)
E190: =A190&"|"&B190
E191: =A191&"|"&B191
E192: =A192&"|"&B192
E193: =A193&"|"&B193
E194: =A194&"|"&B194
E195: =A195&"|"&B195
E196: =A196&"|"&B196
E197: =A197&"|"&B197
E198: =A198&"|"&B198
E199: =A199&"|"&B199
E200: =A200&"|"&B200
E201: =A201&"|"&B201
... E1189: =A1189&"|"&B1189

Sheet Documentation - Computations
A1: MLBB HERO COUNTER MODEL — COMPUTATIONS ONLY
A3: This sheet explains ONLY how the numbers are calculated — the tag/point system, role weights, and the exact formulas — so you can edit the logic yourself later. All values that formulas read from live in the "Data-Input" sheet. Never hardcode a number into a formula; if a number needs to change, change it in Data-Input.
A5: 1. WORKBOOK MAP
A7: • Heroes — one row per hero: role/role2, base stats (offense, ability_effects, durability, difficulty), and TAGS (style1/style2), damage_type, lane, power_spike/spike_order. This is the raw data. Not touched by this update.
A8: • Data-Input — the ONLY sheet you should edit. Contains: Global Weights, Role Matchup Matrix, Hard Counter Rules, Tag Glossary, Style/Tag Interaction Matrix, and Manual Overrides.
A9: • CounterCalculator — pick one Attacker + one Defender (dropdowns) and see a full component-by-component score breakdown.
A10: • LookupCalc — a hidden-ish engine sheet that computes the SAME score for all 133 heroes as candidate Attackers against whichever Defender is chosen on the Lookup sheet (cell Lookup!A1). This powers the Top-5 tables.
A11: • Lookup — pick a hero in A1 and see the Top 5 overall counters, plus Top 5 counters who also share that hero's lane.
A13: 2. WHAT "TAGS" MEANS IN THIS MODEL
A15: Every hero has up to two tags: Heroes!style1 and Heroes!style2 (e.g. "Dash/Blink", "Burst", "Sustain", "Hard CC"). These are the hero's stylistic identity — how it deals damage, controls fights, and moves. The Data-Input Tag Glossary (Block 4) lists every known tag; the 22 tags marked "In-use" are the ones wired into the Style/Tag Interaction Matrix (Block 5) and therefore actually move the score. Tags marked "Fandom wiki" are reference-only and are not yet scored — promote one by adding it as a new row+column in Block 5.
A17: 3. THE COUNTER SCORE FORMULA
A19: TOTAL COUNTER SCORE = Role Advantage + Stat + Difficulty Gap + Damage Type Advantage + Power Spike Timing + Style Matchup + Hard Counter Bonus (then a Manual Override, if one exists for that exact pair, replaces this entire total).
... A84: ☐ Add a brand-new tag → give it a row AND column in Data-Input Block 5, and add it to the Tag Glossary in Block 4 for documentation purposes.

Sheet CounterCalculator
A1: MLBB Counter Calculator
G2: ATTACKER (auto) | J2: DEFENDER (auto) | M2: WEIGHTS (auto)
A3: Attacker: | C3: Defender: | G3: Role | H3: =IFERROR(INDEX(Heroes!$C$2:$C$134,MATCH($B$3,Heroes!$B$2:$B$134,0)),"") | J3: Role | K3: =IFERROR(INDEX(Heroes!$C$2:$C$134,MATCH($D$3,Heroes!$B$2:$B$134,0)),"") | M3: role_mult | N3: =IFERROR(INDEX('Data-Input'!$B$7:$B$14,MATCH("role_mult",'Data-Input'!$A$7:$A$14,0)),5)
G4: Role2 | H4: =IFERROR(INDEX(Heroes!$D$2:$D$134,MATCH($B$3,Heroes!$B$2:$B$134,0)),"") | J4: Role2 | K4: =IFERROR(INDEX(Heroes!$D$2:$D$134,MATCH($D$3,Heroes!$B$2:$B$134,0)),"") | M4: burst_mult | N4: =IFERROR(INDEX('Data-Input'!$B$7:$B$14,MATCH("burst_mult",'Data-Input'!$A$7:$A$14,0)),0.1)
A5: Score Breakdown | G5: Offense | H5: =IFERROR(INDEX(Heroes!$E$2:$E$134,MATCH($B$3,Heroes!$B$2:$B$134,0)),"") | J5: Durability | K5: =IFERROR(INDEX(Heroes!$G$2:$G$134,MATCH($D$3,Heroes!$B$2:$B$134,0)),"") | M5: diff_mult | N5: =IFERROR(INDEX('Data-Input'!$B$7:$B$14,MATCH("diff_mult",'Data-Input'!$A$7:$A$14,0)),0.3)
B6: Component | C6: Value | G6: Ability Effects | H6: =IFERROR(INDEX(Heroes!$F$2:$F$134,MATCH($B$3,Heroes!$B$2:$B$134,0)),"") | J6: Difficulty | K6: =IFERROR(INDEX(Heroes!$H$2:$H$134,MATCH($D$3,Heroes!$B$2:$B$134,0)),"") | M6: style_mult | N6: =IFERROR(INDEX('Data-Input'!$B$7:$B$14,MATCH("style_mult",'Data-Input'!$A$7:$A$14,0)),5)
B7: Role Advantage | C7: =IF(OR($B$3="",$D$3=""),0,MAX(IFERROR(INDEX('Data-Input'!$B$19:$G$24,MATCH($H$3,'Data-Input'!$A$19:$A$24,0),MATCH($K$3,'Data-Input'!$B$18:$G$18,0)),0),IF($H$4<>"",IFERROR(INDEX('Data-Input'!$B$19:$G$24,MATCH($H$4,'Data-Input'!$A$19:$A$24,0),MATCH($K$3,'Data-Input'!$B$18:$G$18,0)),0),IFERROR(INDEX('Data-Input'!$B$19:$G$24,MATCH($H$3,'Data-Input'!$A$19:$A$24,0),MATCH($K$3,'Data-Input'!$B$18:$G$18,0)),0)))*$N$3) | G7: Difficulty | H7: =IFERROR(INDEX(Heroes!$H$2:$H$134,MATCH($B$3,Heroes!$B$2:$B$134,0)),"") | J7: Style1 | K7: =IFERROR(INDEX(Heroes!$I$2:$I$134,MATCH($D$3,Heroes!$B$2:$B$134,0)),"") | M7: spike_mult | N7: =IFERROR(INDEX('Data-Input'!$B$7:$B$14,MATCH("spike_mult",'Data-Input'!$A$7:$A$14,0)),3)
B8: Stat (Burst vs Durability) | C8: =IF(OR($B$3="",$D$3=""),0,(($H$5+$H$6)/2-$K$5)*$N$4) | G8: Style1 | H8: =IFERROR(INDEX(Heroes!$I$2:$I$134,MATCH($B$3,Heroes!$B$2:$B$134,0)),"") | J8: Style2 | K8: =IFERROR(INDEX(Heroes!$J$2:$J$134,MATCH($D$3,Heroes!$B$2:$B$134,0)),"") | M8: dmgtype_same | N8: =IFERROR(INDEX('Data-Input'!$B$7:$B$14,MATCH("dmgtype_same",'Data-Input'!$A$7:$A$14,0)),-2)
B9: Difficulty Gap | C9: =IF(OR($B$3="",$D$3=""),0,IF(($H$7-$K$6)>20,($H$7-$K$6)*$N$5,0)) | G9: Style2 | H9: =IFERROR(INDEX(Heroes!$J$2:$J$134,MATCH($B$3,Heroes!$B$2:$B$134,0)),"") | J9: Damage Type | K9: =IFERROR(INDEX(Heroes!$K$2:$K$134,MATCH($D$3,Heroes!$B$2:$B$134,0)),"") | M9: dmgtype_diff | N9: =IFERROR(INDEX('Data-Input'!$B$7:$B$14,MATCH("dmgtype_diff",'Data-Input'!$A$7:$A$14,0)),3)
B10: Damage Type Advantage | C10: =IF(OR($B$3="",$D$3=""),0,IF($H$10="Mixed",$N$10,IF($H$10=$K$9,$N$8,$N$9))) | G10: Damage Type | H10: =IFERROR(INDEX(Heroes!$K$2:$K$134,MATCH($B$3,Heroes!$B$2:$B$134,0)),"") | J10: Spike Order | K10: =IFERROR(INDEX(Heroes!$Q$2:$Q$134,MATCH($D$3,Heroes!$B$2:$B$134,0)),"") | M10: dmgtype_mixed | N10: =IFERROR(INDEX('Data-Input'!$B$7:$B$14,MATCH("dmgtype_mixed",'Data-Input'!$A$7:$A$14,0)),5)
B11: Power Spike Timing | C11: =IF(OR($B$3="",$D$3=""),0,($H$11-$K$10)*$N$7) | G11: Spike Order | H11: =IFERROR(INDEX(Heroes!$Q$2:$Q$134,MATCH($B$3,Heroes!$B$2:$B$134,0)),"") | J11: Resource | K11: =IFERROR(INDEX(Heroes!$P$2:$P$134,MATCH($D$3,Heroes!$B$2:$B$134,0)),"") | M11: rangetype_mult | N11: =IFERROR(INDEX('Data-Input'!$B$7:$B$16,MATCH("rangetype_mult",'Data-Input'!$A$7:$A$16,0)),3)
B12: Style Matchup | C12: =IF(OR($B$3="",$D$3=""),0,MAX(IF($H$8<>"",IFERROR(INDEX('Data-Input'!$B$164:$W$185,MATCH($H$8,'Data-Input'!$A$164:$A$185,0),MATCH($K$7,'Data-Input'!$B$163:$W$163,0)),0),0),IF(AND($H$8<>"",$K$8<>""),IFERROR(INDEX('Data-Input'!$B$164:$W$185,MATCH($H$8,'Data-Input'!$A$164:$A$185,0),MATCH($K$8,'Data-Input'!$B$163:$W$163,0)),0),0),IF($H$9<>"",IFERROR(INDEX('Data-Input'!$B$164:$W$185,MATCH($H$9,'Data-Input'!$A$164:$A$185,0),MATCH($K$7,'Data-Input'!$B$163:$W$163,0)),0),0),IF(AND($H$9<>"",$K$8<>""),IFERROR(INDEX('Data-Input'!$B$164:$W$185,MATCH($H$9,'Data-Input'!$A$164:$A$185,0),MATCH($K$8,'Data-Input'!$B$163:$W$163,0)),0),0))*$N$6) | G12: Anti-Heal? | H12: =IFERROR(INDEX(Heroes!$R$2:$R$134,MATCH($B$3,Heroes!$B$2:$B$134,0)),"") | J12: Range Type | K12: =IFERROR(INDEX(Heroes!$L$2:$L$134,MATCH($D$3,Heroes!$B$2:$B$134,0)),"") | M12: antiheal_mult | N12: =IFERROR(INDEX('Data-Input'!$B$7:$B$16,MATCH("antiheal_mult",'Data-Input'!$A$7:$A$16,0)),6)
B13: Hard Counter Bonus (named-hero / tag rules) | C13: =IF(OR($B$3="",$D$3=""),0,SUMPRODUCT(('Data-Input'!$A$29:$A$128=$B$3)*('Data-Input'!$B$29:$B$128="Tag")*((('Data-Input'!$C$29:$C$128=$K$7)+('Data-Input'!$C$29:$C$128=$K$8))>0)*('Data-Input'!$D$29:$D$128-'Data-Input'!$E$29:$E$128))+SUMPRODUCT(('Data-Input'!$A$29:$A$128=$B$3)*('Data-Input'!$B$29:$B$128="Hero")*('Data-Input'!$C$29:$C$128=$D$3)*('Data-Input'!$D$29:$D$128-'Data-Input'!$E$29:$E$128))+SUMPRODUCT(('Data-Input'!$A$29:$A$128=$B$3)*('Data-Input'!$B$29:$B$128="Role")*((('Data-Input'!$C$29:$C$128=$K$3)+('Data-Input'!$C$29:$C$128=$K$4))>0)*('Data-Input'!$D$29:$D$128-'Data-Input'!$E$29:$E$128))+SUMPRODUCT(('Data-Input'!$A$29:$A$128=$B$3)*('Data-Input'!$B$29:$B$128="DamageType")*('Data-Input'!$C$29:$C$128=$K$9)*('Data-Input'!$D$29:$D$128-'Data-Input'!$E$29:$E$128))+SUMPRODUCT(('Data-Input'!$A$29:$A$128=$B$3)*('Data-Input'!$B$29:$B$128="Resource")*('Data-Input'!$C$29:$C$128=$K$11)*('Data-Input'!$D$29:$D$128-'Data-Input'!$E$29:$E$128)))
B14: Range Type Advantage | C14: =IF(OR($B$3="",$D$3=""),0,IF(AND(OR($H$8="Dash/Blink",$H$8="High Mobility",$H$8="Global Dive",$H$8="Mobility",$H$9="Dash/Blink",$H$9="High Mobility",$H$9="Global Dive",$H$9="Mobility"),$K$12="Ranged"),$N$11,0))
B15: Anti-Heal Advantage | C15: =IF(OR($B$3="",$D$3=""),0,IF(AND($H$12="Yes",OR($K$7="Sustain",$K$7="Healing",$K$8="Sustain",$K$8="Healing")),$N$12,0))
B16: Base Total (sum of components) | C16: =SUM(C7:C15)
B17: Manual Override | C17: =IFERROR(INDEX('Data-Input'!$C$190:$C$1189,MATCH($B$3&"|"&$D$3,'Data-Input'!$E$190:$E$1189,0)),"None")
B19: TOTAL COUNTER SCORE | C19: =IF(OR($B$3="",$D$3=""),"",IF(C17="None",C16,C17))
A21: Tip: pick heroes in B3 (Attacker) and D3 (Defender) above. Positive score = Attacker counters Defender. Row 13 reflects any named Hard Counter Rule (see Data-Input, Block 3). Rows 14-15 are new: Range Type and Anti-Heal advantages.

Sheet Lookup
A1: hanzo | B1: Top 5 — Overall Counters
B2: Counter Name | C2: Score
B3: =IFERROR(INDEX(LookupCalc!$A$2:$A$134,MATCH(LARGE(LookupCalc!$T$2:$T$134,ROW()-2),LookupCalc!$T$2:$T$134,0)),"") | C3: =IFERROR(ROUND(LARGE(LookupCalc!$T$2:$T$134,ROW()-2),2),"")
B4: =IFERROR(INDEX(LookupCalc!$A$2:$A$134,MATCH(LARGE(LookupCalc!$T$2:$T$134,ROW()-2),LookupCalc!$T$2:$T$134,0)),"") | C4: =IFERROR(ROUND(LARGE(LookupCalc!$T$2:$T$134,ROW()-2),2),"")
B5: =IFERROR(INDEX(LookupCalc!$A$2:$A$134,MATCH(LARGE(LookupCalc!$T$2:$T$134,ROW()-2),LookupCalc!$T$2:$T$134,0)),"") | C5: =IFERROR(ROUND(LARGE(LookupCalc!$T$2:$T$134,ROW()-2),2),"")
B6: =IFERROR(INDEX(LookupCalc!$A$2:$A$134,MATCH(LARGE(LookupCalc!$T$2:$T$134,ROW()-2),LookupCalc!$T$2:$T$134,0)),"") | C6: =IFERROR(ROUND(LARGE(LookupCalc!$T$2:$T$134,ROW()-2),2),"")
B7: =IFERROR(INDEX(LookupCalc!$A$2:$A$134,MATCH(LARGE(LookupCalc!$T$2:$T$134,ROW()-2),LookupCalc!$T$2:$T$134,0)),"") | C7: =IFERROR(ROUND(LARGE(LookupCalc!$T$2:$T$134,ROW()-2),2),"")
B9: =IF($A$1="","Top 5 — Same Lane","Top 5 — Same Lane ("&IFERROR(INDEX(Heroes!$M$2:$M$134,MATCH($A$1,Heroes!$B$2:$B$134,0)),"?")&")")
B10: Counter Name | C10: Score
B11: =IFERROR(INDEX(LookupCalc!$A$2:$A$134,MATCH(LARGE(LookupCalc!$V$2:$V$134,ROW()-10),LookupCalc!$V$2:$V$134,0)),"") | C11: =IFERROR(ROUND(LARGE(LookupCalc!$V$2:$V$134,ROW()-10),2),"")
B12: =IFERROR(INDEX(LookupCalc!$A$2:$A$134,MATCH(LARGE(LookupCalc!$V$2:$V$134,ROW()-10),LookupCalc!$V$2:$V$134,0)),"") | C12: =IFERROR(ROUND(LARGE(LookupCalc!$V$2:$V$134,ROW()-10),2),"")
B13: =IFERROR(INDEX(LookupCalc!$A$2:$A$134,MATCH(LARGE(LookupCalc!$V$2:$V$134,ROW()-10),LookupCalc!$V$2:$V$134,0)),"") | C13: =IFERROR(ROUND(LARGE(LookupCalc!$V$2:$V$134,ROW()-10),2),"")
B14: =IFERROR(INDEX(LookupCalc!$A$2:$A$134,MATCH(LARGE(LookupCalc!$V$2:$V$134,ROW()-10),LookupCalc!$V$2:$V$134,0)),"") | C14: =IFERROR(ROUND(LARGE(LookupCalc!$V$2:$V$134,ROW()-10),2),"")
B15: =IFERROR(INDEX(LookupCalc!$A$2:$A$134,MATCH(LARGE(LookupCalc!$V$2:$V$134,ROW()-10),LookupCalc!$V$2:$V$134,0)),"") | C15: =IFERROR(ROUND(LARGE(LookupCalc!$V$2:$V$134,ROW()-10),2),"")

Sheet LookupCalc
A1: =Lookup!$A$1 | B1: =IFERROR(INDEX(Heroes!$C$2:$C$134,MATCH($A$1,Heroes!$B$2:$B$134,0)),"") | C1: =IFERROR(INDEX(Heroes!$G$2:$G$134,MATCH($A$1,Heroes!$B$2:$B$134,0)),0) | D1: =IFERROR(INDEX(Heroes!$H$2:$H$134,MATCH($A$1,Heroes!$B$2:$B$134,0)),0) | E1: =IFERROR(INDEX(Heroes!$K$2:$K$134,MATCH($A$1,Heroes!$B$2:$B$134,0)),"") | F1: =IFERROR(INDEX(Heroes!$Q$2:$Q$134,MATCH($A$1,Heroes!$B$2:$B$134,0)),0) | G1: =IFERROR(INDEX('Data-Input'!$B$7:$B$14,MATCH("role_mult",'Data-Input'!$A$7:$A$14,0)),5) | H1: =IFERROR(INDEX('Data-Input'!$B$7:$B$14,MATCH("burst_mult",'Data-Input'!$A$7:$A$14,0)),0.1) | I1: =IFERROR(INDEX('Data-Input'!$B$7:$B$14,MATCH("diff_mult",'Data-Input'!$A$7:$A$14,0)),0.3) | J1: =IFERROR(INDEX(Heroes!$M$2:$M$134,MATCH($A$1,Heroes!$B$2:$B$134,0)),"") | K1: =IFERROR(INDEX(Heroes!$I$2:$I$134,MATCH($A$1,Heroes!$B$2:$B$134,0)),"") | L1: =IFERROR(INDEX(Heroes!$J$2:$J$134,MATCH($A$1,Heroes!$B$2:$B$134,0)),"") | M1: =IFERROR(INDEX('Data-Input'!$B$7:$B$14,MATCH("style_mult",'Data-Input'!$A$7:$A$14,0)),5) | N1: =IFERROR(INDEX('Data-Input'!$B$7:$B$14,MATCH("spike_mult",'Data-Input'!$A$7:$A$14,0)),3) | O1: =IFERROR(INDEX('Data-Input'!$B$7:$B$14,MATCH("dmgtype_same",'Data-Input'!$A$7:$A$14,0)),-2) | P1: =IFERROR(INDEX('Data-Input'!$B$7:$B$14,MATCH("dmgtype_diff",'Data-Input'!$A$7:$A$14,0)),3) | Q1: =IFERROR(INDEX('Data-Input'!$B$7:$B$14,MATCH("dmgtype_mixed",'Data-Input'!$A$7:$A$14,0)),5) | U1: Lane1 (helper) | V1: Lane Sort Key (helper) | W1: Style1 (helper) | X1: Style2 (helper) | Y1: Style Matchup (component) | Z1: Hard Counter Bonus (component) | AA1: =IFERROR(INDEX(Heroes!$L$2:$L$134,MATCH($A$1,Heroes!$B$2:$B$134,0)),"") | AB1: =IFERROR(INDEX(Heroes!$P$2:$P$134,MATCH($A$1,Heroes!$B$2:$B$134,0)),"") | AC1: =IFERROR(INDEX('Data-Input'!$B$7:$B$16,MATCH("rangetype_mult",'Data-Input'!$A$7:$A$16,0)),3) | AD1: =IFERROR(INDEX('Data-Input'!$B$7:$B$16,MATCH("antiheal_mult",'Data-Input'!$A$7:$A$16,0)),6) | AH1: =IFERROR(INDEX(Heroes!$D$2:$D$134,MATCH($A$1,Heroes!$B$2:$B$134,0)),"")
A2: =Heroes!$B2 | B2: =Heroes!$C2 | C2: =Heroes!$D2 | D2: =Heroes!$E2 | E2: =Heroes!$F2 | F2: =Heroes!$H2 | G2: =Heroes!$K2 | H2: =Heroes!$Q2 | I2: =IFERROR(INDEX('Data-Input'!$B$19:$G$24,MATCH(B2,'Data-Input'!$A$19:$A$24,0),MATCH($B$1,'Data-Input'!$B$18:$G$18,0)),0) | J2: =IF(C2<>"",IFERROR(INDEX('Data-Input'!$B$19:$G$24,MATCH(C2,'Data-Input'!$A$19:$A$24,0),MATCH($B$1,'Data-Input'!$B$18:$G$18,0)),0),I2) | K2: =MAX(I2,J2) | L2: =((D2+E2)/2-$C$1)*$H$1 | M2: =F2-$D$1 | N2: =IF(M2>20,M2*$I$1,0) | O2: =IF(G2="Mixed",$Q$1,IF(G2=$E$1,$O$1,$P$1)) | P2: =(H2-$F$1)*$N$1 | Q2: =K2*$G$1+L2+N2+O2+P2+Y2+Z2+AF2+AG2 | R2: =IFERROR(INDEX('Data-Input'!$C$190:$C$1189,MATCH(A2&"|"&$A$1,'Data-Input'!$E$190:$E$1189,0)),Q2) | S2: =IF(OR($A$1="",A2=$A$1),-1000000000000000,R2) | T2: =S2+ROW()*0.0000001 | U2: =Heroes!$M2 | V2: =IF(OR($A$1="",A2=$A$1,U2="",U2<>$J$1),-1000000000000000,R2)+ROW()*0.0000001 | W2: =Heroes!$I2 | X2: =Heroes!$J2 | Y2: =IF($A$1="",0,MAX(IF(W2<>"",IFERROR(INDEX('Data-Input'!$B$164:$W$185,MATCH(W2,'Data-Input'!$A$164:$A$185,0),MATCH($K$1,'Data-Input'!$B$163:$W$163,0)),0),0),IF(AND(W2<>"",$L$1<>""),IFERROR(INDEX('Data-Input'!$B$164:$W$185,MATCH(W2,'Data-Input'!$A$164:$A$185,0),MATCH($L$1,'Data-Input'!$B$163:$W$163,0)),0),0),IF(X2<>"",IFERROR(INDEX('Data-Input'!$B$164:$W$185,MATCH(X2,'Data-Input'!$A$164:$A$185,0),MATCH($K$1,'Data-Input'!$B$163:$W$163,0)),0),0),IF(AND(X2<>"",$L$1<>""),IFERROR(INDEX('Data-Input'!$B$164:$W$185,MATCH(X2,'Data-Input'!$A$164:$A$185,0),MATCH($L$1,'Data-Input'!$B$163:$W$163,0)),0),0))*$M$1) | Z2: =IF($A$1="",0,SUMPRODUCT(('Data-Input'!$A$29:$A$128=A2)*('Data-Input'!$B$29:$B$128="Tag")*((('Data-Input'!$C$29:$C$128=$K$1)+('Data-Input'!$C$29:$C$128=$L$1))>0)*('Data-Input'!$D$29:$D$128-'Data-Input'!$E$29:$E$128))+SUMPRODUCT(('Data-Input'!$A$29:$A$128=A2)*('Data-Input'!$B$29:$B$128="Hero")*('Data-Input'!$C$29:$C$128=$A$1)*('Data-Input'!$D$29:$D$128-'Data-Input'!$E$29:$E$128))+SUMPRODUCT(('Data-Input'!$A$29:$A$128=A2)*('Data-Input'!$B$29:$B$128="Role")*((('Data-Input'!$C$29:$C$128=$B$1)+('Data-Input'!$C$29:$C$128=$AH$1))>0)*('Data-Input'!$D$29:$D$128-'Data-Input'!$E$29:$E$128))+SUMPRODUCT(('Data-Input'!$A$29:$A$128=A2)*('Data-Input'!$B$29:$B$128="DamageType")*('Data-Input'!$C$29:$C$128=$E$1)*('Data-Input'!$D$29:$D$128-'Data-Input'!$E$29:$E$128))+SUMPRODUCT(('Data-Input'!$A$29:$A$128=A2)*('Data-Input'!$B$29:$B$128="Resource")*('Data-Input'!$C$29:$C$128=$AB$1)*('Data-Input'!$D$29:$D$128-'Data-Input'!$E$29:$E$128))) | AE2: =Heroes!$R2 | AF2: =IF($A$1="",0,IF(AND(OR(W2="Dash/Blink",W2="High Mobility",W2="Global Dive",W2="Mobility",X2="Dash/Blink",X2="High Mobility",X2="Global Dive",X2="Mobility"),$AA$1="Ranged"),$AC$1,0)) | AG2: =IF($A$1="",0,IF(AND(AE2="Yes",OR($K$1="Sustain",$K$1="Healing",$L$1="Sustain",$L$1="Healing")),$AD$1,0))
A3: =Heroes!$B3 | B3: =Heroes!$C3 | C3: =Heroes!$D3 | D3: =Heroes!$E3 | E3: =Heroes!$F3 | F3: =Heroes!$H3 | G3: =Heroes!$K3 | H3: =Heroes!$Q3 | I3: =IFERROR(INDEX('Data-Input'!$B$19:$G$24,MATCH(B3,'Data-Input'!$A$19:$A$24,0),MATCH($B$1,'Data-Input'!$B$18:$G$18,0)),0) | J3: =IF(C3<>"",IFERROR(INDEX('Data-Input'!$B$19:$G$24,MATCH(C3,'Data-Input'!$A$19:$A$24,0),MATCH($B$1,'Data-Input'!$B$18:$G$18,0)),0),I3) | K3: =MAX(I3,J3) | L3: =((D3+E3)/2-$C$1)*$H$1 | M3: =F3-$D$1 | N3: =IF(M3>20,M3*$I$1,0) | O3: =IF(G3="Mixed",$Q$1,IF(G3=$E$1,$O$1,$P$1)) | P3: =(H3-$F$1)*$N$1 | Q3: =K3*$G$1+L3+N3+O3+P3+Y3+Z3+AF3+AG3 | R3: =IFERROR(INDEX('Data-Input'!$C$190:$C$1189,MATCH(A3&"|"&$A$1,'Data-Input'!$E$190:$E$1189,0)),Q3) | S3: =IF(OR($A$1="",A3=$A$1),-1000000000000000,R3) | T3: =S3+ROW()*0.0000001 | U3: =Heroes!$M3 | V3: =IF(OR($A$1="",A3=$A$1,U3="",U3<>$J$1),-1000000000000000,R3)+ROW()*0.0000001 | W3: =Heroes!$I3 | X3: =Heroes!$J3 | Y3: =IF($A$1="",0,MAX(IF(W3<>"",IFERROR(INDEX('Data-Input'!$B$164:$W$185,MATCH(W3,'Data-Input'!$A$164:$A$185,0),MATCH($K$1,'Data-Input'!$B$163:$W$163,0)),0),0),IF(AND(W3<>"",$L$1<>""),IFERROR(INDEX('Data-Input'!$B$164:$W$185,MATCH(W3,'Data-Input'!$A$164:$A$185,0),MATCH($L$1,'Data-Input'!$B$163:$W$163,0)),0),0),IF(X3<>"",IFERROR(INDEX('Data-Input'!$B$164:$W$185,MATCH(X3,'Data-Input'!$A$164:$A$185,0),MATCH($K$1,'Data-Input'!$B$163:$W$163,0)),0),0),IF(AND(X3<>"",$L$1<>""),IFERROR(INDEX('Data-Input'!$B$164:$W$185,MATCH(X3,'Data-Input'!$A$164:$A$185,0),MATCH($L$1,'Data-Input'!$B$163:$W$163,0)),0),0))*$M$1) | Z3: =IF($A$1="",0,SUMPRODUCT(('Data-Input'!$A$29:$A$128=A3)*('Data-Input'!$B$29:$B$128="Tag")*((('Data-Input'!$C$29:$C$128=$K$1)+('Data-Input'!$C$29:$C$128=$L$1))>0)*('Data-Input'!$D$29:$D$128-'Data-Input'!$E$29:$E$128))+SUMPRODUCT(('Data-Input'!$A$29:$A$128=A3)*('Data-Input'!$B$29:$B$128="Hero")*('Data-Input'!$C$29:$C$128=$A$1)*('Data-Input'!$D$29:$D$128-'Data-Input'!$E$29:$E$128))+SUMPRODUCT(('Data-Input'!$A$29:$A$128=A3)*('Data-Input'!$B$29:$B$128="Role")*((('Data-Input'!$C$29:$C$128=$B$1)+('Data-Input'!$C$29:$C$128=$AH$1))>0)*('Data-Input'!$D$29:$D$128-'Data-Input'!$E$29:$E$128))+SUMPRODUCT(('Data-Input'!$A$29:$A$128=A3)*('Data-Input'!$B$29:$B$128="DamageType")*('Data-Input'!$C$29:$C$128=$E$1)*('Data-Input'!$D$29:$D$128-'Data-Input'!$E$29:$E$128))+SUMPRODUCT(('Data-Input'!$A$29:$A$128=A3)*('Data-Input'!$B$29:$B$128="Resource")*('Data-Input'!$C$29:$C$128=$AB$1)*('Data-Input'!$D$29:$D$128-'Data-Input'!$E$29:$E$128))) | AE3: =Heroes!$R3 | AF3: =IF($A$1="",0,IF(AND(OR(W3="Dash/Blink",W3="High Mobility",W3="Global Dive",W3="Mobility",X3="Dash/Blink",X3="High Mobility",X3="Global Dive",X3="Mobility"),$AA$1="Ranged"),$AC$1,0)) | AG3: =IF($A$1="",0,IF(AND(AE3="Yes",OR($K$1="Sustain",$K$1="Healing",$L$1="Sustain",$L$1="Healing")),$AD$1,0))
A4: =Heroes!$B4 | B4: =Heroes!$C4 | C4: =Heroes!$D4 | D4: =Heroes!$E4 | E4: =Heroes!$F4 | F4: =Heroes!$H4 | G4: =Heroes!$K4 | H4: =Heroes!$Q4 | I4: =IFERROR(INDEX('Data-Input'!$B$19:$G$24,MATCH(B4,'Data-Input'!$A$19:$A$24,0),MATCH($B$1,'Data-Input'!$B$18:$G$18,0)),0) | J4: =IF(C4<>"",IFERROR(INDEX('Data-Input'!$B$19:$G$24,MATCH(C4,'Data-Input'!$A$19:$A$24,0),MATCH($B$1,'Data-Input'!$B$18:$G$18,0)),0),I4) | K4: =MAX(I4,J4) | L4: =((D4+E4)/2-$C$1)*$H$1 | M4: =F4-$D$1 | N4: =IF(M4>20,M4*$I$1,0) | O4: =IF(G4="Mixed",$Q$1,IF(G4=$E$1,$O$1,$P$1)) | P4: =(H4-$F$1)*$N$1 | Q4: =K4*$G$1+L4+N4+O4+P4+Y4+Z4+AF4+AG4 | R4: =IFERROR(INDEX('Data-Input'!$C$190:$C$1189,MATCH(A4&"|"&$A$1,'Data-Input'!$E$190:$E$1189,0)),Q4) | S4: =IF(OR($A$1="",A4=$A$1),-1000000000000000,R4) | T4: =S4+ROW()*0.0000001 | U4: =Heroes!$M4 | V4: =IF(OR($A$1="",A4=$A$1,U4="",U4<>$J$1),-1000000000000000,R4)+ROW()*0.0000001 | W4: =Heroes!$I4 | X4: =Heroes!$J4 | Y4: =IF($A$1="",0,MAX(IF(W4<>"",IFERROR(INDEX('Data-Input'!$B$164:$W$185,MATCH(W4,'Data-Input'!$A$164:$A$185,0),MATCH($K$1,'Data-Input'!$B$163:$W$163,0)),0),0),IF(AND(W4<>"",$L$1<>""),IFERROR(INDEX('Data-Input'!$B$164:$W$185,MATCH(W4,'Data-Input'!$A$164:$A$185,0),MATCH($L$1,'Data-Input'!$B$163:$W$163,0)),0),0),IF(X4<>"",IFERROR(INDEX('Data-Input'!$B$164:$W$185,MATCH(X4,'Data-Input'!$A$164:$A$185,0),MATCH($K$1,'Data-Input'!$B$163:$W$163,0)),0),0),IF(AND(X4<>"",$L$1<>""),IFERROR(INDEX('Data-Input'!$B$164:$W$185,MATCH(X4,'Data-Input'!$A$164:$A$185,0),MATCH($L$1,'Data-Input'!$B$163:$W$163,0)),0),0))*$M$1) | Z4: =IF($A$1="",0,SUMPRODUCT(('Data-Input'!$A$29:$A$128=A4)*('Data-Input'!$B$29:$B$128="Tag")*((('Data-Input'!$C$29:$C$128=$K$1)+('Data-Input'!$C$29:$C$128=$L$1))>0)*('Data-Input'!$D$29:$D$128-'Data-Input'!$E$29:$E$128))+SUMPRODUCT(('Data-Input'!$A$29:$A$128=A4)*('Data-Input'!$B$29:$B$128="Hero")*('Data-Input'!$C$29:$C$128=$A$1)*('Data-Input'!$D$29:$D$128-'Data-Input'!$E$29:$E$128))+SUMPRODUCT(('Data-Input'!$A$29:$A$128=A4)*('Data-Input'!$B$29:$B$128="Role")*((('Data-Input'!$C$29:$C$128=$B$1)+('Data-Input'!$C$29:$C$128=$AH$1))>0)*('Data-Input'!$D$29:$D$128-'Data-Input'!$E$29:$E$128))+SUMPRODUCT(('Data-Input'!$A$29:$A$128=A4)*('Data-Input'!$B$29:$B$128="DamageType")*('Data-Input'!$C$29:$C$128=$E$1)*('Data-Input'!$D$29:$D$128-'Data-Input'!$E$29:$E$128))+SUMPRODUCT(('Data-Input'!$A$29:$A$128=A4)*('Data-Input'!$B$29:$B$128="Resource")*('Data-Input'!$C$29:$C$128=$AB$1)*('Data-Input'!$D$29:$D$128-'Data-Input'!$E$29:$E$128))) | AE4: =Heroes!$R4 | AF4: =IF($A$1="",0,IF(AND(OR(W4="Dash/Blink",W4="High Mobility",W4="Global Dive",W4="Mobility",X4="Dash/Blink",X4="High Mobility",X4="Global Dive",X4="Mobility"),$AA$1="Ranged"),$AC$1,0)) | AG4: =IF($A$1="",0,IF(AND(AE4="Yes",OR($K$1="Sustain",$K$1="Healing",$L$1="Sustain",$L$1="Healing")),$AD$1,0))
A5: =Heroes!$B5 | B5: =Heroes!$C5 | C5: =Heroes!$D5 | D5: =Heroes!$E5 | E5: =Heroes!$F5 | F5: =Heroes!$H5 | G5: =Heroes!$K5 | H5: =Heroes!$Q5 | I5: =IFERROR(INDEX('Data-Input'!$B$19:$G$24,MATCH(B5,'Data-Input'!$A$19:$A$24,0),MATCH($B$1,'Data-Input'!$B$18:$G$18,0)),0) | J5: =IF(C5<>"",IFERROR(INDEX('Data-Input'!$B$19:$G$24,MATCH(C5,'Data-Input'!$A$19:$A$24,0),MATCH($B$1,'Data-Input'!$B$18:$G$18,0)),0),I5) | K5: =MAX(I5,J5) | L5: =((D5+E5)/2-$C$1)*$H$1 | M5: =F5-$D$1 | N5: =IF(M5>20,M5*$I$1,0) | O5: =IF(G5="Mixed",$Q$1,IF(G5=$E$1,$O$1,$P$1)) | P5: =(H5-$F$1)*$N$1 | Q5: =K5*$G$1+L5+N5+O5+P5+Y5+Z5+AF5+AG5 | R5: =IFERROR(INDEX('Data-Input'!$C$190:$C$1189,MATCH(A5&"|"&$A$1,'Data-Input'!$E$190:$E$1189,0)),Q5) | S5: =IF(OR($A$1="",A5=$A$1),-1000000000000000,R5) | T5: =S5+ROW()*0.0000001 | U5: =Heroes!$M5 | V5: =IF(OR($A$1="",A5=$A$1,U5="",U5<>$J$1),-1000000000000000,R5)+ROW()*0.0000001 | W5: =Heroes!$I5 | X5: =Heroes!$J5 | Y5: =IF($A$1="",0,MAX(IF(W5<>"",IFERROR(INDEX('Data-Input'!$B$164:$W$185,MATCH(W5,'Data-Input'!$A$164:$A$185,0),MATCH($K$1,'Data-Input'!$B$163:$W$163,0)),0),0),IF(AND(W5<>"",$L$1<>""),IFERROR(INDEX('Data-Input'!$B$164:$W$185,MATCH(W5,'Data-Input'!$A$164:$A$185,0),MATCH($L$1,'Data-Input'!$B$163:$W$163,0)),0),0),IF(X5<>"",IFERROR(INDEX('Data-Input'!$B$164:$W$185,MATCH(X5,'Data-Input'!$A$164:$A$185,0),MATCH($K$1,'Data-Input'!$B$163:$W$163,0)),0),0),IF(AND(X5<>"",$L$1<>""),IFERROR(INDEX('Data-Input'!$B$164:$W$185,MATCH(X5,'Data-Input'!$A$164:$A$185,0),MATCH($L$1,'Data-Input'!$B$163:$W$163,0)),0),0))*$M$1) | Z5: =IF($A$1="",0,SUMPRODUCT(('Data-Input'!$A$29:$A$128=A5)*('Data-Input'!$B$29:$B$128="Tag")*((('Data-Input'!$C$29:$C$128=$K$1)+('Data-Input'!$C$29:$C$128=$L$1))>0)*('Data-Input'!$D$29:$D$128-'Data-Input'!$E$29:$E$128))+SUMPRODUCT(('Data-Input'!$A$29:$A$128=A5)*('Data-Input'!$B$29:$B$128="Hero")*('Data-Input'!$C$29:$C$128=$A$1)*('Data-Input'!$D$29:$D$128-'Data-Input'!$E$29:$E$128))+SUMPRODUCT(('Data-Input'!$A$29:$A$128=A5)*('Data-Input'!$B$29:$B$128="Role")*((('Data-Input'!$C$29:$C$128=$B$1)+('Data-Input'!$C$29:$C$128=$AH$1))>0)*('Data-Input'!$D$29:$D$128-'Data-Input'!$E$29:$E$128))+SUMPRODUCT(('Data-Input'!$A$29:$A$128=A5)*('Data-Input'!$B$29:$B$128="DamageType")*('Data-Input'!$C$29:$C$128=$E$1)*('Data-Input'!$D$29:$D$128-'Data-Input'!$E$29:$E$128))+SUMPRODUCT(('Data-Input'!$A$29:$A$128=A5)*('Data-Input'!$B$29:$B$128="Resource")*('Data-Input'!$C$29:$C$128=$AB$1)*('Data-Input'!$D$29:$D$128-'Data-Input'!$E$29:$E$128))) | AE5: =Heroes!$R5 | AF5: =IF($A$1="",0,IF(AND(OR(W5="Dash/Blink",W5="High Mobility",W5="Global Dive",W5="Mobility",X5="Dash/Blink",X5="High Mobility",X5="Global Dive",X5="Mobility"),$AA$1="Ranged"),$AC$1,0)) | AG5: =IF($A$1="",0,IF(AND(AE5="Yes",OR($K$1="Sustain",$K$1="Healing",$L$1="Sustain",$L$1="Healing")),$AD$1,0))
A6: =Heroes!$B6 | B6: =Heroes!$C6 | C6: =Heroes!$D6 | D6: =Heroes!$E6 | E6: =Heroes!$F6 | F6: =Heroes!$H6 | G6: =Heroes!$K6 | H6: =Heroes!$Q6 | I6: =IFERROR(INDEX('Data-Input'!$B$19:$G$24,MATCH(B6,'Data-Input'!$A$19:$A$24,0),MATCH($B$1,'Data-Input'!$B$18:$G$18,0)),0) | J6: =IF(C6<>"",IFERROR(INDEX('Data-Input'!$B$19:$G$24,MATCH(C6,'Data-Input'!$A$19:$A$24,0),MATCH($B$1,'Data-Input'!$B$18:$G$18,0)),0),I6) | K6: =MAX(I6,J6) | L6: =((D6+E6)/2-$C$1)*$H$1 | M6: =F6-$D$1 | N6: =IF(M6>20,M6*$I$1,0) | O6: =IF(G6="Mixed",$Q$1,IF(G6=$E$1,$O$1,$P$1)) | P6: =(H6-$F$1)*$N$1 | Q6: =K6*$G$1+L6+N6+O6+P6+Y6+Z6+AF6+AG6 | R6: =IFERROR(INDEX('Data-Input'!$C$190:$C$1189,MATCH(A6&"|"&$A$1,'Data-Input'!$E$190:$E$1189,0)),Q6) | S6: =IF(OR($A$1="",A6=$A$1),-1000000000000000,R6) | T6: =S6+ROW()*0.0000001 | U6: =Heroes!$M6 | V6: =IF(OR($A$1="",A6=$A$1,U6="",U6<>$J$1),-1000000000000000,R6)+ROW()*0.0000001 | W6: =Heroes!$I6 | X6: =Heroes!$J6 | Y6: =IF($A$1="",0,MAX(IF(W6<>"",IFERROR(INDEX('Data-Input'!$B$164:$W$185,MATCH(W6,'Data-Input'!$A$164:$A$185,0),MATCH($K$1,'Data-Input'!$B$163:$W$163,0)),0),0),IF(AND(W6<>"",$L$1<>""),IFERROR(INDEX('Data-Input'!$B$164:$W$185,MATCH(W6,'Data-Input'!$A$164:$A$185,0),MATCH($L$1,'Data-Input'!$B$163:$W$163,0)),0),0),IF(X6<>"",IFERROR(INDEX('Data-Input'!$B$164:$W$185,MATCH(X6,'Data-Input'!$A$164:$A$185,0),MATCH($K$1,'Data-Input'!$B$163:$W$163,0)),0),0),IF(AND(X6<>"",$L$1<>""),IFERROR(INDEX('Data-Input'!$B$164:$W$185,MATCH(X6,'Data-Input'!$A$164:$A$185,0),MATCH($L$1,'Data-Input'!$B$163:$W$163,0)),0),0))*$M$1) | Z6: =IF($A$1="",0,SUMPRODUCT(('Data-Input'!$A$29:$A$128=A6)*('Data-Input'!$B$29:$B$128="Tag")*((('Data-Input'!$C$29:$C$128=$K$1)+('Data-Input'!$C$29:$C$128=$L$1))>0)*('Data-Input'!$D$29:$D$128-'Data-Input'!$E$29:$E$128))+SUMPRODUCT(('Data-Input'!$A$29:$A$128=A6)*('Data-Input'!$B$29:$B$128="Hero")*('Data-Input'!$C$29:$C$128=$A$1)*('Data-Input'!$D$29:$D$128-'Data-Input'!$E$29:$E$128))+SUMPRODUCT(('Data-Input'!$A$29:$A$128=A6)*('Data-Input'!$B$29:$B$128="Role")*((('Data-Input'!$C$29:$C$128=$B$1)+('Data-Input'!$C$29:$C$128=$AH$1))>0)*('Data-Input'!$D$29:$D$128-'Data-Input'!$E$29:$E$128))+SUMPRODUCT(('Data-Input'!$A$29:$A$128=A6)*('Data-Input'!$B$29:$B$128="DamageType")*('Data-Input'!$C$29:$C$128=$E$1)*('Data-Input'!$D$29:$D$128-'Data-Input'!$E$29:$E$128))+SUMPRODUCT(('Data-Input'!$A$29:$A$128=A6)*('Data-Input'!$B$29:$B$128="Resource")*('Data-Input'!$C$29:$C$128=$AB$1)*('Data-Input'!$D$29:$D$128-'Data-Input'!$E$29:$E$128))) | AE6: =Heroes!$R6 | AF6: =IF($A$1="",0,IF(AND(OR(W6="Dash/Blink",W6="High Mobility",W6="Global Dive",W6="Mobility",X6="Dash/Blink",X6="High Mobility",X6="Global Dive",X6="Mobility"),$AA$1="Ranged"),$AC$1,0)) | AG6: =IF($A$1="",0,IF(AND(AE6="Yes",OR($K$1="Sustain",$K$1="Healing",$L$1="Sustain",$L$1="Healing")),$AD$1,0))
A7: =Heroes!$B7 | B7: =Heroes!$C7 | C7: =Heroes!$D7 | D7: =Heroes!$E7 | E7: =Heroes!$F7 | F7: =Heroes!$H7 | G7: =Heroes!$K7 | H7: =Heroes!$Q7 | I7: =IFERROR(INDEX('Data-Input'!$B$19:$G$24,MATCH(B7,'Data-Input'!$A$19:$A$24,0),MATCH($B$1,'Data-Input'!$B$18:$G$18,0)),0) | J7: =IF(C7<>"",IFERROR(INDEX('Data-Input'!$B$19:$G$24,MATCH(C7,'Data-Input'!$A$19:$A$24,0),MATCH($B$1,'Data-Input'!$B$18:$G$18,0)),0),I7) | K7: =MAX(I7,J7) | L7: =((D7+E7)/2-$C$1)*$H$1 | M7: =F7-$D$1 | N7: =IF(M7>20,M7*$I$1,0) | O7: =IF(G7="Mixed",$Q$1,IF(G7=$E$1,$O$1,$P$1)) | P7: =(H7-$F$1)*$N$1 | Q7: =K7*$G$1+L7+N7+O7+P7+Y7+Z7+AF7+AG7 | R7: =IFERROR(INDEX('Data-Input'!$C$190:$C$1189,MATCH(A7&"|"&$A$1,'Data-Input'!$E$190:$E$1189,0)),Q7) | S7: =IF(OR($A$1="",A7=$A$1),-1000000000000000,R7) | T7: =S7+ROW()*0.0000001 | U7: =Heroes!$M7 | V7: =IF(OR($A$1="",A7=$A$1,U7="",U7<>$J$1),-1000000000000000,R7)+ROW()*0.0000001 | W7: =Heroes!$I7 | X7: =Heroes!$J7 | Y7: =IF($A$1="",0,MAX(IF(W7<>"",IFERROR(INDEX('Data-Input'!$B$164:$W$185,MATCH(W7,'Data-Input'!$A$164:$A$185,0),MATCH($K$1,'Data-Input'!$B$163:$W$163,0)),0),0),IF(AND(W7<>"",$L$1<>""),IFERROR(INDEX('Data-Input'!$B$164:$W$185,MATCH(W7,'Data-Input'!$A$164:$A$185,0),MATCH($L$1,'Data-Input'!$B$163:$W$163,0)),0),0),IF(X7<>"",IFERROR(INDEX('Data-Input'!$B$164:$W$185,MATCH(X7,'Data-Input'!$A$164:$A$185,0),MATCH($K$1,'Data-Input'!$B$163:$W$163,0)),0),0),IF(AND(X7<>"",$L$1<>""),IFERROR(INDEX('Data-Input'!$B$164:$W$185,MATCH(X7,'Data-Input'!$A$164:$A$185,0),MATCH($L$1,'Data-Input'!$B$163:$W$163,0)),0),0))*$M$1) | Z7: =IF($A$1="",0,SUMPRODUCT(('Data-Input'!$A$29:$A$128=A7)*('Data-Input'!$B$29:$B$128="Tag")*((('Data-Input'!$C$29:$C$128=$K$1)+('Data-Input'!$C$29:$C$128=$L$1))>0)*('Data-Input'!$D$29:$D$128-'Data-Input'!$E$29:$E$128))+SUMPRODUCT(('Data-Input'!$A$29:$A$128=A7)*('Data-Input'!$B$29:$B$128="Hero")*('Data-Input'!$C$29:$C$128=$A$1)*('Data-Input'!$D$29:$D$128-'Data-Input'!$E$29:$E$128))+SUMPRODUCT(('Data-Input'!$A$29:$A$128=A7)*('Data-Input'!$B$29:$B$128="Role")*((('Data-Input'!$C$29:$C$128=$B$1)+('Data-Input'!$C$29:$C$128=$AH$1))>0)*('Data-Input'!$D$29:$D$128-'Data-Input'!$E$29:$E$128))+SUMPRODUCT(('Data-Input'!$A$29:$A$128=A7)*('Data-Input'!$B$29:$B$128="DamageType")*('Data-Input'!$C$29:$C$128=$E$1)*('Data-Input'!$D$29:$D$128-'Data-Input'!$E$29:$E$128))+SUMPRODUCT(('Data-Input'!$A$29:$A$128=A7)*('Data-Input'!$B$29:$B$128="Resource")*('Data-Input'!$C$29:$C$128=$AB$1)*('Data-Input'!$D$29:$D$128-'Data-Input'!$E$29:$E$128))) | AE7: =Heroes!$R7 | AF7: =IF($A$1="",0,IF(AND(OR(W7="Dash/Blink",W7="High Mobility",W7="Global Dive",W7="Mobility",X7="Dash/Blink",X7="High Mobility",X7="Global Dive",X7="Mobility"),$AA$1="Ranged"),$AC$1,0)) | AG7: =IF($A$1="",0,IF(AND(AE7="Yes",OR($K$1="Sustain",$K$1="Healing",$L$1="Sustain",$L$1="Healing")),$AD$1,0))
A8: =Heroes!$B8 | B8: =Heroes!$C8 | C8: =Heroes!$D8 | D8: =Heroes!$E8 | E8: =Heroes!$F8 | F8: =Heroes!$H8 | G8: =Heroes!$K8 | H8: =Heroes!$Q8 | I8: =IFERROR(INDEX('Data-Input'!$B$19:$G$24,MATCH(B8,'Data-Input'!$A$19:$A$24,0),MATCH($B$1,'Data-Input'!$B$18:$G$18,0)),0) | J8: =IF(C8<>"",IFERROR(INDEX('Data-Input'!$B$19:$G$24,MATCH(C8,'Data-Input'!$A$19:$A$24,0),MATCH($B$1,'Data-Input'!$B$18:$G$18,0)),0),I8) | K8: =MAX(I8,J8) | L8: =((D8+E8)/2-$C$1)*$H$1 | M8: =F8-$D$1 | N8: =IF(M8>20,M8*$I$1,0) | O8: =IF(G8="Mixed",$Q$1,IF(G8=$E$1,$O$1,$P$1)) | P8: =(H8-$F$1)*$N$1 | Q8: =K8*$G$1+L8+N8+O8+P8+Y8+Z8+AF8+AG8 | R8: =IFERROR(INDEX('Data-Input'!$C$190:$C$1189,MATCH(A8&"|"&$A$1,'Data-Input'!$E$190:$E$1189,0)),Q8) | S8: =IF(OR($A$1="",A8=$A$1),-1000000000000000,R8) | T8: =S8+ROW()*0.0000001 | U8: =Heroes!$M8 | V8: =IF(OR($A$1="",A8=$A$1,U8="",U8<>$J$1),-1000000000000000,R8)+ROW()*0.0000001 | W8: =Heroes!$I8 | X8: =Heroes!$J8 | Y8: =IF($A$1="",0,MAX(IF(W8<>"",IFERROR(INDEX('Data-Input'!$B$164:$W$185,MATCH(W8,'Data-Input'!$A$164:$A$185,0),MATCH($K$1,'Data-Input'!$B$163:$W$163,0)),0),0),IF(AND(W8<>"",$L$1<>""),IFERROR(INDEX('Data-Input'!$B$164:$W$185,MATCH(W8,'Data-Input'!$A$164:$A$185,0),MATCH($L$1,'Data-Input'!$B$163:$W$163,0)),0),0),IF(X8<>"",IFERROR(INDEX('Data-Input'!$B$164:$W$185,MATCH(X8,'Data-Input'!$A$164:$A$185,0),MATCH($K$1,'Data-Input'!$B$163:$W$163,0)),0),0),IF(AND(X8<>"",$L$1<>""),IFERROR(INDEX('Data-Input'!$B$164:$W$185,MATCH(X8,'Data-Input'!$A$164:$A$185,0),MATCH($L$1,'Data-Input'!$B$163:$W$163,0)),0),0))*$M$1) | Z8: =IF($A$1="",0,SUMPRODUCT(('Data-Input'!$A$29:$A$128=A8)*('Data-Input'!$B$29:$B$128="Tag")*((('Data-Input'!$C$29:$C$128=$K$1)+('Data-Input'!$C$29:$C$128=$L$1))>0)*('Data-Input'!$D$29:$D$128-'Data-Input'!$E$29:$E$128))+SUMPRODUCT(('Data-Input'!$A$29:$A$128=A8)*('Data-Input'!$B$29:$B$128="Hero")*('Data-Input'!$C$29:$C$128=$A$1)*('Data-Input'!$D$29:$D$128-'Data-Input'!$E$29:$E$128))+SUMPRODUCT(('Data-Input'!$A$29:$A$128=A8)*('Data-Input'!$B$29:$B$128="Role")*((('Data-Input'!$C$29:$C$128=$B$1)+('Data-Input'!$C$29:$C$128=$AH$1))>0)*('Data-Input'!$D$29:$D$128-'Data-Input'!$E$29:$E$128))+SUMPRODUCT(('Data-Input'!$A$29:$A$128=A8)*('Data-Input'!$B$29:$B$128="DamageType")*('Data-Input'!$C$29:$C$128=$E$1)*('Data-Input'!$D$29:$D$128-'Data-Input'!$E$29:$E$128))+SUMPRODUCT(('Data-Input'!$A$29:$A$128=A8)*('Data-Input'!$B$29:$B$128="Resource")*('Data-Input'!$C$29:$C$128=$AB$1)*('Data-Input'!$D$29:$D$128-'Data-Input'!$E$29:$E$128))) | AE8: =Heroes!$R8 | AF8: =IF($A$1="",0,IF(AND(OR(W8="Dash/Blink",W8="High Mobility",W8="Global Dive",W8="Mobility",X8="Dash/Blink",X8="High Mobility",X8="Global Dive",X8="Mobility"),$AA$1="Ranged"),$AC$1,0)) | AG8: =IF($A$1="",0,IF(AND(AE8="Yes",OR($K$1="Sustain",$K$1="Healing",$L$1="Sustain",$L$1="Healing")),$AD$1,0))
A9: =Heroes!$B9 | B9: =Heroes!$C9 | C9: =Heroes!$D9 | D9: =Heroes!$E9 | E9: =Heroes!$F9 | F9: =Heroes!$H9 | G9: =Heroes!$K9 | H9: =Heroes!$Q9 | I9: =IFERROR(INDEX('Data-Input'!$B$19:$G$24,MATCH(B9,'Data-Input'!$A$19:$A$24,0),MATCH($B$1,'Data-Input'!$B$18:$G$18,0)),0) | J9: =IF(C9<>"",IFERROR(INDEX('Data-Input'!$B$19:$G$24,MATCH(C9,'Data-Input'!$A$19:$A$24,0),MATCH($B$1,'Data-Input'!$B$18:$G$18,0)),0),I9) | K9: =MAX(I9,J9) | L9: =((D9+E9)/2-$C$1)*$H$1 | M9: =F9-$D$1 | N9: =IF(M9>20,M9*$I$1,0) | O9: =IF(G9="Mixed",$Q$1,IF(G9=$E$1,$O$1,$P$1)) | P9: =(H9-$F$1)*$N$1 | Q9: =K9*$G$1+L9+N9+O9+P9+Y9+Z9+AF9+AG9 | R9: =IFERROR(INDEX('Data-Input'!$C$190:$C$1189,MATCH(A9&"|"&$A$1,'Data-Input'!$E$190:$E$1189,0)),Q9) | S9: =IF(OR($A$1="",A9=$A$1),-1000000000000000,R9) | T9: =S9+ROW()*0.0000001 | U9: =Heroes!$M9 | V9: =IF(OR($A$1="",A9=$A$1,U9="",U9<>$J$1),-1000000000000000,R9)+ROW()*0.0000001 | W9: =Heroes!$I9 | X9: =Heroes!$J9 | Y9: =IF($A$1="",0,MAX(IF(W9<>"",IFERROR(INDEX('Data-Input'!$B$164:$W$185,MATCH(W9,'Data-Input'!$A$164:$A$185,0),MATCH($K$1,'Data-Input'!$B$163:$W$163,0)),0),0),IF(AND(W9<>"",$L$1<>""),IFERROR(INDEX('Data-Input'!$B$164:$W$185,MATCH(W9,'Data-Input'!$A$164:$A$185,0),MATCH($L$1,'Data-Input'!$B$163:$W$163,0)),0),0),IF(X9<>"",IFERROR(INDEX('Data-Input'!$B$164:$W$185,MATCH(X9,'Data-Input'!$A$164:$A$185,0),MATCH($K$1,'Data-Input'!$B$163:$W$163,0)),0),0),IF(AND(X9<>"",$L$1<>""),IFERROR(INDEX('Data-Input'!$B$164:$W$185,MATCH(X9,'Data-Input'!$A$164:$A$185,0),MATCH($L$1,'Data-Input'!$B$163:$W$163,0)),0),0))*$M$1) | Z9: =IF($A$1="",0,SUMPRODUCT(('Data-Input'!$A$29:$A$128=A9)*('Data-Input'!$B$29:$B$128="Tag")*((('Data-Input'!$C$29:$C$128=$K$1)+('Data-Input'!$C$29:$C$128=$L$1))>0)*('Data-Input'!$D$29:$D$128-'Data-Input'!$E$29:$E$128))+SUMPRODUCT(('Data-Input'!$A$29:$A$128=A9)*('Data-Input'!$B$29:$B$128="Hero")*('Data-Input'!$C$29:$C$128=$A$1)*('Data-Input'!$D$29:$D$128-'Data-Input'!$E$29:$E$128))+SUMPRODUCT(('Data-Input'!$A$29:$A$128=A9)*('Data-Input'!$B$29:$B$128="Role")*((('Data-Input'!$C$29:$C$128=$B$1)+('Data-Input'!$C$29:$C$128=$AH$1))>0)*('Data-Input'!$D$29:$D$128-'Data-Input'!$E$29:$E$128))+SUMPRODUCT(('Data-Input'!$A$29:$A$128=A9)*('Data-Input'!$B$29:$B$128="DamageType")*('Data-Input'!$C$29:$C$128=$E$1)*('Data-Input'!$D$29:$D$128-'Data-Input'!$E$29:$E$128))+SUMPRODUCT(('Data-Input'!$A$29:$A$128=A9)*('Data-Input'!$B$29:$B$128="Resource")*('Data-Input'!$C$29:$C$128=$AB$1)*('Data-Input'!$D$29:$D$128-'Data-Input'!$E$29:$E$128))) | AE9: =Heroes!$R9 | AF9: =IF($A$1="",0,IF(AND(OR(W9="Dash/Blink",W9="High Mobility",W9="Global Dive",W9="Mobility",X9="Dash/Blink",X9="High Mobility",X9="Global Dive",X9="Mobility"),$AA$1="Ranged"),$AC$1,0)) | AG9: =IF($A$1="",0,IF(AND(AE9="Yes",OR($K$1="Sustain",$K$1="Healing",$L$1="Sustain",$L$1="Healing")),$AD$1,0))
A10: =Heroes!$B10 | B10: =Heroes!$C10 | C10: =Heroes!$D10 | D10: =Heroes!$E10 | E10: =Heroes!$F10 | F10: =Heroes!$H10 | G10: =Heroes!$K10 | H10: =Heroes!$Q10 | I10: =IFERROR(INDEX('Data-Input'!$B$19:$G$24,MATCH(B10,'Data-Input'!$A$19:$A$24,0),MATCH($B$1,'Data-Input'!$B$18:$G$18,0)),0) | J10: =IF(C10<>"",IFERROR(INDEX('Data-Input'!$B$19:$G$24,MATCH(C10,'Data-Input'!$A$19:$A$24,0),MATCH($B$1,'Data-Input'!$B$18:$G$18,0)),0),I10) | K10: =MAX(I10,J10) | L10: =((D10+E10)/2-$C$1)*$H$1 | M10: =F10-$D$1 | N10: =IF(M10>20,M10*$I$1,0) | O10: =IF(G10="Mixed",$Q$1,IF(G10=$E$1,$O$1,$P$1)) | P10: =(H10-$F$1)*$N$1 | Q10: =K10*$G$1+L10+N10+O10+P10+Y10+Z10+AF10+AG10 | R10: =IFERROR(INDEX('Data-Input'!$C$190:$C$1189,MATCH(A10&"|"&$A$1,'Data-Input'!$E$190:$E$1189,0)),Q10) | S10: =IF(OR($A$1="",A10=$A$1),-1000000000000000,R10) | T10: =S10+ROW()*0.0000001 | U10: =Heroes!$M10 | V10: =IF(OR($A$1="",A10=$A$1,U10="",U10<>$J$1),-1000000000000000,R10)+ROW()*0.0000001 | W10: =Heroes!$I10 | X10: =Heroes!$J10 | Y10: =IF($A$1="",0,MAX(IF(W10<>"",IFERROR(INDEX('Data-Input'!$B$164:$W$185,MATCH(W10,'Data-Input'!$A$164:$A$185,0),MATCH($K$1,'Data-Input'!$B$163:$W$163,0)),0),0),IF(AND(W10<>"",$L$1<>""),IFERROR(INDEX('Data-Input'!$B$164:$W$185,MATCH(W10,'Data-Input'!$A$164:$A$185,0),MATCH($L$1,'Data-Input'!$B$163:$W$163,0)),0),0),IF(X10<>"",IFERROR(INDEX('Data-Input'!$B$164:$W$185,MATCH(X10,'Data-Input'!$A$164:$A$185,0),MATCH($K$1,'Data-Input'!$B$163:$W$163,0)),0),0),IF(AND(X10<>"",$L$1<>""),IFERROR(INDEX('Data-Input'!$B$164:$W$185,MATCH(X10,'Data-Input'!$A$164:$A$185,0),MATCH($L$1,'Data-Input'!$B$163:$W$163,0)),0),0))*$M$1) | Z10: =IF($A$1="",0,SUMPRODUCT(('Data-Input'!$A$29:$A$128=A10)*('Data-Input'!$B$29:$B$128="Tag")*((('Data-Input'!$C$29:$C$128=$K$1)+('Data-Input'!$C$29:$C$128=$L$1))>0)*('Data-Input'!$D$29:$D$128-'Data-Input'!$E$29:$E$128))+SUMPRODUCT(('Data-Input'!$A$29:$A$128=A10)*('Data-Input'!$B$29:$B$128="Hero")*('Data-Input'!$C$29:$C$128=$A$1)*('Data-Input'!$D$29:$D$128-'Data-Input'!$E$29:$E$128))+SUMPRODUCT(('Data-Input'!$A$29:$A$128=A10)*('Data-Input'!$B$29:$B$128="Role")*((('Data-Input'!$C$29:$C$128=$B$1)+('Data-Input'!$C$29:$C$128=$AH$1))>0)*('Data-Input'!$D$29:$D$128-'Data-Input'!$E$29:$E$128))+SUMPRODUCT(('Data-Input'!$A$29:$A$128=A10)*('Data-Input'!$B$29:$B$128="DamageType")*('Data-Input'!$C$29:$C$128=$E$1)*('Data-Input'!$D$29:$D$128-'Data-Input'!$E$29:$E$128))+SUMPRODUCT(('Data-Input'!$A$29:$A$128=A10)*('Data-Input'!$B$29:$B$128="Resource")*('Data-Input'!$C$29:$C$128=$AB$1)*('Data-Input'!$D$29:$D$128-'Data-Input'!$E$29:$E$128))) | AE10: =Heroes!$R10 | AF10: =IF($A$1="",0,IF(AND(OR(W10="Dash/Blink",W10="High Mobility",W10="Global Dive",W10="Mobility",X10="Dash/Blink",X10="High Mobility",X10="Global Dive",X10="Mobility"),$AA$1="Ranged"),$AC$1,0)) | AG10: =IF($A$1="",0,IF(AND(AE10="Yes",OR($K$1="Sustain",$K$1="Healing",$L$1="Sustain",$L$1="Healing")),$AD$1,0))
A11: =Heroes!$B11 | B11: =Heroes!$C11 | C11: =Heroes!$D11 | D11: =Heroes!$E11 | E11: =Heroes!$F11 | F11: =Heroes!$H11 | G11: =Heroes!$K11 | H11: =Heroes!$Q11 | I11: =IFERROR(INDEX('Data-Input'!$B$19:$G$24,MATCH(B11,'Data-Input'!$A$19:$A$24,0),MATCH($B$1,'Data-Input'!$B$18:$G$18,0)),0) | J11: =IF(C11<>"",IFERROR(INDEX('Data-Input'!$B$19:$G$24,MATCH(C11,'Data-Input'!$A$19:$A$24,0),MATCH($B$1,'Data-Input'!$B$18:$G$18,0)),0),I11) | K11: =MAX(I11,J11) | L11: =((D11+E11)/2-$C$1)*$H$1 | M11: =F11-$D$1 | N11: =IF(M11>20,M11*$I$1,0) | O11: =IF(G11="Mixed",$Q$1,IF(G11=$E$1,$O$1,$P$1)) | P11: =(H11-$F$1)*$N$1 | Q11: =K11*$G$1+L11+N11+O11+P11+Y11+Z11+AF11+AG11 | R11: =IFERROR(INDEX('Data-Input'!$C$190:$C$1189,MATCH(A11&"|"&$A$1,'Data-Input'!$E$190:$E$1189,0)),Q11) | S11: =IF(OR($A$1="",A11=$A$1),-1000000000000000,R11) | T11: =S11+ROW()*0.0000001 | U11: =Heroes!$M11 | V11: =IF(OR($A$1="",A11=$A$1,U11="",U11<>$J$1),-1000000000000000,R11)+ROW()*0.0000001 | W11: =Heroes!$I11 | X11: =Heroes!$J11 | Y11: =IF($A$1="",0,MAX(IF(W11<>"",IFERROR(INDEX('Data-Input'!$B$164:$W$185,MATCH(W11,'Data-Input'!$A$164:$A$185,0),MATCH($K$1,'Data-Input'!$B$163:$W$163,0)),0),0),IF(AND(W11<>"",$L$1<>""),IFERROR(INDEX('Data-Input'!$B$164:$W$185,MATCH(W11,'Data-Input'!$A$164:$A$185,0),MATCH($L$1,'Data-Input'!$B$163:$W$163,0)),0),0),IF(X11<>"",IFERROR(INDEX('Data-Input'!$B$164:$W$185,MATCH(X11,'Data-Input'!$A$164:$A$185,0),MATCH($K$1,'Data-Input'!$B$163:$W$163,0)),0),0),IF(AND(X11<>"",$L$1<>""),IFERROR(INDEX('Data-Input'!$B$164:$W$185,MATCH(X11,'Data-Input'!$A$164:$A$185,0),MATCH($L$1,'Data-Input'!$B$163:$W$163,0)),0),0))*$M$1) | Z11: =IF($A$1="",0,SUMPRODUCT(('Data-Input'!$A$29:$A$128=A11)*('Data-Input'!$B$29:$B$128="Tag")*((('Data-Input'!$C$29:$C$128=$K$1)+('Data-Input'!$C$29:$C$128=$L$1))>0)*('Data-Input'!$D$29:$D$128-'Data-Input'!$E$29:$E$128))+SUMPRODUCT(('Data-Input'!$A$29:$A$128=A11)*('Data-Input'!$B$29:$B$128="Hero")*('Data-Input'!$C$29:$C$128=$A$1)*('Data-Input'!$D$29:$D$128-'Data-Input'!$E$29:$E$128))+SUMPRODUCT(('Data-Input'!$A$29:$A$128=A11)*('Data-Input'!$B$29:$B$128="Role")*((('Data-Input'!$C$29:$C$128=$B$1)+('Data-Input'!$C$29:$C$128=$AH$1))>0)*('Data-Input'!$D$29:$D$128-'Data-Input'!$E$29:$E$128))+SUMPRODUCT(('Data-Input'!$A$29:$A$128=A11)*('Data-Input'!$B$29:$B$128="DamageType")*('Data-Input'!$C$29:$C$128=$E$1)*('Data-Input'!$D$29:$D$128-'Data-Input'!$E$29:$E$128))+SUMPRODUCT(('Data-Input'!$A$29:$A$128=A11)*('Data-Input'!$B$29:$B$128="Resource")*('Data-Input'!$C$29:$C$128=$AB$1)*('Data-Input'!$D$29:$D$128-'Data-Input'!$E$29:$E$128))) | AE11: =Heroes!$R11 | AF11: =IF($A$1="",0,IF(AND(OR(W11="Dash/Blink",W11="High Mobility",W11="Global Dive",W11="Mobility",X11="Dash/Blink",X11="High Mobility",X11="Global Dive",X11="Mobility"),$AA$1="Ranged"),$AC$1,0)) | AG11: =IF($A$1="",0,IF(AND(AE11="Yes",OR($K$1="Sustain",$K$1="Healing",$L$1="Sustain",$L$1="Healing")),$AD$1,0))
A12: =Heroes!$B12 | B12: =Heroes!$C12 | C12: =Heroes!$D12 | D12: =Heroes!$E12 | E12: =Heroes!$F12 | F12: =Heroes!$H12 | G12: =Heroes!$K12 | H12: =Heroes!$Q12 | I12: =IFERROR(INDEX('Data-Input'!$B$19:$G$24,MATCH(B12,'Data-Input'!$A$19:$A$24,0),MATCH($B$1,'Data-Input'!$B$18:$G$18,0)),0) | J12: =IF(C12<>"",IFERROR(INDEX('Data-Input'!$B$19:$G$24,MATCH(C12,'Data-Input'!$A$19:$A$24,0),MATCH($B$1,'Data-Input'!$B$18:$G$18,0)),0),I12) | K12: =MAX(I12,J12) | L12: =((D12+E12)/2-$C$1)*$H$1 | M12: =F12-$D$1 | N12: =IF(M12>20,M12*$I$1,0) | O12: =IF(G12="Mixed",$Q$1,IF(G12=$E$1,$O$1,$P$1)) | P12: =(H12-$F$1)*$N$1 | Q12: =K12*$G$1+L12+N12+O12+P12+Y12+Z12+AF12+AG12 | R12: =IFERROR(INDEX('Data-Input'!$C$190:$C$1189,MATCH(A12&"|"&$A$1,'Data-Input'!$E$190:$E$1189,0)),Q12) | S12: =IF(OR($A$1="",A12=$A$1),-1000000000000000,R12) | T12: =S12+ROW()*0.0000001 | U12: =Heroes!$M12 | V12: =IF(OR($A$1="",A12=$A$1,U12="",U12<>$J$1),-1000000000000000,R12)+ROW()*0.0000001 | W12: =Heroes!$I12 | X12: =Heroes!$J12 | Y12: =IF($A$1="",0,MAX(IF(W12<>"",IFERROR(INDEX('Data-Input'!$B$164:$W$185,MATCH(W12,'Data-Input'!$A$164:$A$185,0),MATCH($K$1,'Data-Input'!$B$163:$W$163,0)),0),0),IF(AND(W12<>"",$L$1<>""),IFERROR(INDEX('Data-Input'!$B$164:$W$185,MATCH(W12,'Data-Input'!$A$164:$A$185,0),MATCH($L$1,'Data-Input'!$B$163:$W$163,0)),0),0),IF(X12<>"",IFERROR(INDEX('Data-Input'!$B$164:$W$185,MATCH(X12,'Data-Input'!$A$164:$A$185,0),MATCH($K$1,'Data-Input'!$B$163:$W$163,0)),0),0),IF(AND(X12<>"",$L$1<>""),IFERROR(INDEX('Data-Input'!$B$164:$W$185,MATCH(X12,'Data-Input'!$A$164:$A$185,0),MATCH($L$1,'Data-Input'!$B$163:$W$163,0)),0),0))*$M$1) | Z12: =IF($A$1="",0,SUMPRODUCT(('Data-Input'!$A$29:$A$128=A12)*('Data-Input'!$B$29:$B$128="Tag")*((('Data-Input'!$C$29:$C$128=$K$1)+('Data-Input'!$C$29:$C$128=$L$1))>0)*('Data-Input'!$D$29:$D$128-'Data-Input'!$E$29:$E$128))+SUMPRODUCT(('Data-Input'!$A$29:$A$128=A12)*('Data-Input'!$B$29:$B$128="Hero")*('Data-Input'!$C$29:$C$128=$A$1)*('Data-Input'!$D$29:$D$128-'Data-Input'!$E$29:$E$128))+SUMPRODUCT(('Data-Input'!$A$29:$A$128=A12)*('Data-Input'!$B$29:$B$128="Role")*((('Data-Input'!$C$29:$C$128=$B$1)+('Data-Input'!$C$29:$C$128=$AH$1))>0)*('Data-Input'!$D$29:$D$128-'Data-Input'!$E$29:$E$128))+SUMPRODUCT(('Data-Input'!$A$29:$A$128=A12)*('Data-Input'!$B$29:$B$128="DamageType")*('Data-Input'!$C$29:$C$128=$E$1)*('Data-Input'!$D$29:$D$128-'Data-Input'!$E$29:$E$128))+SUMPRODUCT(('Data-Input'!$A$29:$A$128=A12)*('Data-Input'!$B$29:$B$128="Resource")*('Data-Input'!$C$29:$C$128=$AB$1)*('Data-Input'!$D$29:$D$128-'Data-Input'!$E$29:$E$128))) | AE12: =Heroes!$R12 | AF12: =IF($A$1="",0,IF(AND(OR(W12="Dash/Blink",W12="High Mobility",W12="Global Dive",W12="Mobility",X12="Dash/Blink",X12="High Mobility",X12="Global Dive",X12="Mobility"),$AA$1="Ranged"),$AC$1,0)) | AG12: =IF($A$1="",0,IF(AND(AE12="Yes",OR($K$1="Sustain",$K$1="Healing",$L$1="Sustain",$L$1="Healing")),$AD$1,0))
A13: =Heroes!$B13 | B13: =Heroes!$C13 | C13: =Heroes!$D13 | D13: =Heroes!$E13 | E13: =Heroes!$F13 | F13: =Heroes!$H13 | G13: =Heroes!$K13 | H13: =Heroes!$Q13 | I13: =IFERROR(INDEX('Data-Input'!$B$19:$G$24,MATCH(B13,'Data-Input'!$A$19:$A$24,0),MATCH($B$1,'Data-Input'!$B$18:$G$18,0)),0) | J13: =IF(C13<>"",IFERROR(INDEX('Data-Input'!$B$19:$G$24,MATCH(C13,'Data-Input'!$A$19:$A$24,0),MATCH($B$1,'Data-Input'!$B$18:$G$18,0)),0),I13) | K13: =MAX(I13,J13) | L13: =((D13+E13)/2-$C$1)*$H$1 | M13: =F13-$D$1 | N13: =IF(M13>20,M13*$I$1,0) | O13: =IF(G13="Mixed",$Q$1,IF(G13=$E$1,$O$1,$P$1)) | P13: =(H13-$F$1)*$N$1 | Q13: =K13*$G$1+L13+N13+O13+P13+Y13+Z13+AF13+AG13 | R13: =IFERROR(INDEX('Data-Input'!$C$190:$C$1189,MATCH(A13&"|"&$A$1,'Data-Input'!$E$190:$E$1189,0)),Q13) | S13: =IF(OR($A$1="",A13=$A$1),-1000000000000000,R13) | T13: =S13+ROW()*0.0000001 | U13: =Heroes!$M13 | V13: =IF(OR($A$1="",A13=$A$1,U13="",U13<>$J$1),-1000000000000000,R13)+ROW()*0.0000001 | W13: =Heroes!$I13 | X13: =Heroes!$J13 | Y13: =IF($A$1="",0,MAX(IF(W13<>"",IFERROR(INDEX('Data-Input'!$B$164:$W$185,MATCH(W13,'Data-Input'!$A$164:$A$185,0),MATCH($K$1,'Data-Input'!$B$163:$W$163,0)),0),0),IF(AND(W13<>"",$L$1<>""),IFERROR(INDEX('Data-Input'!$B$164:$W$185,MATCH(W13,'Data-Input'!$A$164:$A$185,0),MATCH($L$1,'Data-Input'!$B$163:$W$163,0)),0),0),IF(X13<>"",IFERROR(INDEX('Data-Input'!$B$164:$W$185,MATCH(X13,'Data-Input'!$A$164:$A$185,0),MATCH($K$1,'Data-Input'!$B$163:$W$163,0)),0),0),IF(AND(X13<>"",$L$1<>""),IFERROR(INDEX('Data-Input'!$B$164:$W$185,MATCH(X13,'Data-Input'!$A$164:$A$185,0),MATCH($L$1,'Data-Input'!$B$163:$W$163,0)),0),0))*$M$1) | Z13: =IF($A$1="",0,SUMPRODUCT(('Data-Input'!$A$29:$A$128=A13)*('Data-Input'!$B$29:$B$128="Tag")*((('Data-Input'!$C$29:$C$128=$K$1)+('Data-Input'!$C$29:$C$128=$L$1))>0)*('Data-Input'!$D$29:$D$128-'Data-Input'!$E$29:$E$128))+SUMPRODUCT(('Data-Input'!$A$29:$A$128=A13)*('Data-Input'!$B$29:$B$128="Hero")*('Data-Input'!$C$29:$C$128=$A$1)*('Data-Input'!$D$29:$D$128-'Data-Input'!$E$29:$E$128))+SUMPRODUCT(('Data-Input'!$A$29:$A$128=A13)*('Data-Input'!$B$29:$B$128="Role")*((('Data-Input'!$C$29:$C$128=$B$1)+('Data-Input'!$C$29:$C$128=$AH$1))>0)*('Data-Input'!$D$29:$D$128-'Data-Input'!$E$29:$E$128))+SUMPRODUCT(('Data-Input'!$A$29:$A$128=A13)*('Data-Input'!$B$29:$B$128="DamageType")*('Data-Input'!$C$29:$C$128=$E$1)*('Data-Input'!$D$29:$D$128-'Data-Input'!$E$29:$E$128))+SUMPRODUCT(('Data-Input'!$A$29:$A$128=A13)*('Data-Input'!$B$29:$B$128="Resource")*('Data-Input'!$C$29:$C$128=$AB$1)*('Data-Input'!$D$29:$D$128-'Data-Input'!$E$29:$E$128))) | AE13: =Heroes!$R13 | AF13: =IF($A$1="",0,IF(AND(OR(W13="Dash/Blink",W13="High Mobility",W13="Global Dive",W13="Mobility",X13="Dash/Blink",X13="High Mobility",X13="Global Dive",X13="Mobility"),$AA$1="Ranged"),$AC$1,0)) | AG13: =IF($A$1="",0,IF(AND(AE13="Yes",OR($K$1="Sustain",$K$1="Healing",$L$1="Sustain",$L$1="Healing")),$AD$1,0))
... A134: =Heroes!$B134 | B134: =Heroes!$C134 | C134: =Heroes!$D134 | D134: =Heroes!$E134 | E134: =Heroes!$F134 | F134: =Heroes!$H134 | G134: =Heroes!$K134 | H134: =Heroes!$Q134 | I134: =IFERROR(INDEX('Data-Input'!$B$19:$G$24,MATCH(B134,'Data-Input'!$A$19:$A$24,0),MATCH($B$1,'Data-Input'!$B$18:$G$18,0)),0) | J134: =IF(C134<>"",IFERROR(INDEX('Data-Input'!$B$19:$G$24,MATCH(C134,'Data-Input'!$A$19:$A$24,0),MATCH($B$1,'Data-Input'!$B$18:$G$18,0)),0),I134) | K134: =MAX(I134,J134) | L134: =((D134+E134)/2-$C$1)*$H$1 | M134: =F134-$D$1 | N134: =IF(M134>20,M134*$I$1,0) | O134: =IF(G134="Mixed",$Q$1,IF(G134=$E$1,$O$1,$P$1)) | P134: =(H134-$F$1)*$N$1 | Q134: =K134*$G$1+L134+N134+O134+P134+Y134+Z134+AF134+AG134 | R134: =IFERROR(INDEX('Data-Input'!$C$190:$C$1189,MATCH(A134&"|"&$A$1,'Data-Input'!$E$190:$E$1189,0)),Q134) | S134: =IF(OR($A$1="",A134=$A$1),-1000000000000000,R134) | T134: =S134+ROW()*0.0000001 | U134: =Heroes!$M134 | V134: =IF(OR($A$1="",A134=$A$1,U134="",U134<>$J$1),-1000000000000000,R134)+ROW()*0.0000001 | W134: =Heroes!$I134 | X134: =Heroes!$J134 | Y134: =IF($A$1="",0,MAX(IF(W134<>"",IFERROR(INDEX('Data-Input'!$B$164:$W$185,MATCH(W134,'Data-Input'!$A$164:$A$185,0),MATCH($K$1,'Data-Input'!$B$163:$W$163,0)),0),0),IF(AND(W134<>"",$L$1<>""),IFERROR(INDEX('Data-Input'!$B$164:$W$185,MATCH(W134,'Data-Input'!$A$164:$A$185,0),MATCH($L$1,'Data-Input'!$B$163:$W$163,0)),0),0),IF(X134<>"",IFERROR(INDEX('Data-Input'!$B$164:$W$185,MATCH(X134,'Data-Input'!$A$164:$A$185,0),MATCH($K$1,'Data-Input'!$B$163:$W$163,0)),0),0),IF(AND(X134<>"",$L$1<>""),IFERROR(INDEX('Data-Input'!$B$164:$W$185,MATCH(X134,'Data-Input'!$A$164:$A$185,0),MATCH($L$1,'Data-Input'!$B$163:$W$163,0)),0),0))*$M$1) | Z134: =IF($A$1="",0,SUMPRODUCT(('Data-Input'!$A$29:$A$128=A134)*('Data-Input'!$B$29:$B$128="Tag")*((('Data-Input'!$C$29:$C$128=$K$1)+('Data-Input'!$C$29:$C$128=$L$1))>0)*('Data-Input'!$D$29:$D$128-'Data-Input'!$E$29:$E$128))+SUMPRODUCT(('Data-Input'!$A$29:$A$128=A134)*('Data-Input'!$B$29:$B$128="Hero")*('Data-Input'!$C$29:$C$128=$A$1)*('Data-Input'!$D$29:$D$128-'Data-Input'!$E$29:$E$128))+SUMPRODUCT(('Data-Input'!$A$29:$A$128=A134)*('Data-Input'!$B$29:$B$128="Role")*((('Data-Input'!$C$29:$C$128=$B$1)+('Data-Input'!$C$29:$C$128=$AH$1))>0)*('Data-Input'!$D$29:$D$128-'Data-Input'!$E$29:$E$128))+SUMPRODUCT(('Data-Input'!$A$29:$A$128=A134)*('Data-Input'!$B$29:$B$128="DamageType")*('Data-Input'!$C$29:$C$128=$E$1)*('Data-Input'!$D$29:$D$128-'Data-Input'!$E$29:$E$128))+SUMPRODUCT(('Data-Input'!$A$29:$A$128=A134)*('Data-Input'!$B$29:$B$128="Resource")*('Data-Input'!$C$29:$C$128=$AB$1)*('Data-Input'!$D$29:$D$128-'Data-Input'!$E$29:$E$128))) | AE134: =Heroes!$R134 | AF134: =IF($A$1="",0,IF(AND(OR(W134="Dash/Blink",W134="High Mobility",W134="Global Dive",W134="Mobility",X134="Dash/Blink",X134="High Mobility",X134="Global Dive",X134="Mobility"),$AA$1="Ranged"),$AC$1,0)) | AG134: =IF($A$1="",0,IF(AND(AE134="Yes",OR($K$1="Sustain",$K$1="Healing",$L$1="Sustain",$L$1="Healing")),$AD$1,0))
